Target_index,0,1,2,3,4,5,6,7,8,9,10,11,12,13,14,15,16,17,18,19,20,21,22,23,24,25,26,27,28,29,30,Variable_index,Variable_name
Ping_index,1358,1359,1360,1361,1362,1365,1366,1367,1368,1369,1370,1371,1372,1373,1375,1376,1377,1378,1379,1382,1383,1384,1386,1387,1388,1389,1394,1395,1396,1397,1398,
Ping_date,2022-07-28,2022-07-28,2022-07-28,2022-07-28,2022-07-28,2022-07-28,2022-07-28,2022-07-28,2022-07-28,2022-07-28,2022-07-28,2022-07-28,2022-07-28,2022-07-28,2022-07-28,2022-07-28,2022-07-28,2022-07-28,2022-07-28,2022-07-28,2022-07-28,2022-07-28,2022-07-28,2022-07-28,2022-07-28,2022-07-28,2022-07-28,2022-07-28,2022-07-28,2022-07-28,2022-07-28,
Ping_time,19:03:10,19:03:10,19:03:11,19:03:11,19:03:11,19:03:12,19:03:12,19:03:12,19:03:12,19:03:12,19:03:13,19:03:13,19:03:13,19:03:13,19:03:14,19:03:14,19:03:14,19:03:14,19:03:14,19:03:16,19:03:16,19:03:16,19:03:16,19:03:17,19:03:17,19:03:17,19:03:18,19:03:18,19:03:18,19:03:19,19:03:19,
Ping_milliseconds,712.0,917.0,111.0,324.0,511.0,112.0,311.0,511.0,715.0,925.0,111.0,321.0,526.0,714.0,118.0,310.0,524.0,711.0,917.0,010.0,211.0,427.0,811.0,011.0,209.0,417.0,416.0,612.0,821.0,022.0,212.0,
Range,8.5450880000,8.5333824000,8.5216768000,8.5333824000,8.5450880000,8.5684992000,8.5684992000,8.5567936000,8.5567936000,8.5567936000,8.5567936000,8.5802048000,8.6036160000,8.6036160000,8.5802048000,8.5684992000,8.5684992000,8.5802048000,8.6036160000,8.6036160000,8.5919104000,8.5919104000,8.6270272000,8.6270272000,8.6270272000,8.6387328000,8.6270272000,8.6153216000,8.5919104000,8.5919104000,8.6036160000,
Depth,8.5403849678,8.5273711085,8.5130001958,8.5252371179,8.5344327018,8.5605274765,8.5641670618,8.5545423105,8.5542754354,8.5532246726,8.5508111576,8.5704062358,8.5930592269,8.5959863523,8.5795983281,8.5682284869,8.5664945589,8.5762362843,8.5946588814,8.6012589335,8.5904497132,8.5895929076,8.6187184798,8.6176938815,8.6182185430,8.6280068038,8.6174595756,8.6087516220,8.5881193662,8.5883562854,8.5965100201,
Region_name,"Region 2","Region 2","Region 2","Region 2","Region 2","Region 2","Region 2","Region 2","Region 2","Region 2","Region 2","Region 2","Region 2","Region 2","Region 2","Region 2","Region 2","Region 2","Region 2","Region 2","Region 2","Region 2","Region 2","Region 2","Region 2","Region 2","Region 2","Region 2","Region 2","Region 2","Region 2",
160.000,-56.354256,-65.315010,-64.663992,-65.609550,-62.187819,-66.956229,-64.811114,-63.509862,-58.627227,-69.603474,-64.934408,-77.402346,-73.000905,-64.231978,-64.900849,-57.804005,-80.678458,-63.625607,-65.600303,-70.911692,-60.755172,-66.564576,-60.719371,-65.364533,-60.530422,-66.163005,-58.760560,-60.512269,-73.103298,-66.773297,-61.996317,0,Fileset 1: TS pulse compressed wideband pings T2
160.500,-57.294231,-70.694386,-65.204397,-63.839478,-61.979347,-66.796892,-66.893001,-64.945298,-58.917453,-66.540008,-65.118230,-68.988376,-76.901706,-61.411366,-73.906103,-59.718749,-77.134450,-62.726966,-70.628714,-62.626555,-58.235653,-64.806462,-62.700334,-64.974585,-61.810815,-68.674764,-59.700178,-59.344654,-66.557006,-66.279960,-69.305822,0,Fileset 1: TS pulse compressed wideband pings T2
161.000,-58.647588,-73.115456,-64.706185,-62.982187,-62.119823,-65.425787,-70.390307,-64.203351,-59.170267,-63.989964,-66.136637,-66.158401,-78.516919,-60.260618,-63.740088,-63.978045,-69.203862,-62.257193,-73.320199,-58.855148,-59.265327,-60.357994,-66.408194,-64.860410,-64.654969,-65.735409,-60.932473,-59.509225,-63.723202,-59.677506,-66.616402,0,Fileset 1: TS pulse compressed wideband pings T2
161.500,-59.326595,-67.155160,-63.773483,-62.337521,-62.613925,-63.749283,-74.113509,-61.953722,-60.491031,-62.267658,-67.822851,-64.780334,-75.105255,-61.106242,-59.724246,-66.140295,-63.967605,-62.538861,-65.147017,-58.363462,-62.731694,-59.072497,-71.411234,-63.540655,-67.153960,-62.749716,-61.794381,-59.662874,-62.322327,-56.372677,-61.126069,0,Fileset 1: TS pulse compressed wideband pings T2
162.000,-58.782938,-63.954436,-63.324108,-61.612581,-63.384956,-62.428541,-74.951151,-60.642654,-62.190722,-61.229487,-69.839470,-63.698060,-70.900139,-63.951145,-59.254677,-64.279480,-61.580163,-63.814164,-63.023583,-59.665663,-68.994214,-59.600230,-68.367103,-60.878625,-66.762484,-60.549138,-61.581309,-59.243877,-62.147642,-55.621168,-58.950217,0,Fileset 1: TS pulse compressed wideband pings T2
162.500,-57.373381,-62.353785,-63.574920,-60.816425,-64.218036,-61.646670,-72.895279,-61.088140,-61.562523,-60.810834,-71.903884,-62.946338,-68.248954,-68.205414,-62.000419,-63.756591,-61.474459,-65.568868,-64.308727,-61.685126,-78.857397,-60.648155,-63.238708,-59.206370,-64.040590,-58.741093,-59.836008,-58.884256,-63.004168,-56.731701,-59.446573,0,Fileset 1: TS pulse compressed wideband pings T2
163.000,-56.044697,-61.525046,-64.065905,-60.040665,-64.769807,-61.184257,-70.710305,-63.346528,-60.043033,-60.997622,-73.561665,-62.976344,-66.933702,-71.941085,-69.034593,-63.054421,-63.105684,-66.703379,-68.304565,-63.561764,-64.463502,-61.719735,-60.126127,-59.032775,-61.340058,-57.743378,-58.077910,-58.563411,-64.391254,-58.721566,-62.673390,0,Fileset 1: TS pulse compressed wideband pings T2
163.500,-55.572769,-61.348248,-64.110418,-59.404974,-64.801558,-60.678087,-69.722643,-66.883840,-59.475494,-61.734173,-74.374724,-63.883900,-66.206109,-73.471845,-70.202717,-61.406484,-65.343372,-66.986138,-72.668676,-62.902149,-59.591315,-63.577281,-58.446587,-59.914543,-59.856728,-57.812312,-57.420718,-57.896036,-65.896618,-60.224708,-69.088941,0,Fileset 1: TS pulse compressed wideband pings T2
164.000,-56.187556,-62.016661,-63.467574,-59.001733,-64.436941,-60.035772,-69.931193,-69.617655,-59.494404,-62.892473,-74.645290,-65.255107,-65.297779,-70.029219,-67.911011,-60.306115,-65.957640,-66.045814,-73.860161,-59.642481,-58.062506,-66.201846,-57.769244,-61.046435,-59.591322,-58.638229,-57.872350,-57.210286,-66.972644,-61.238215,-76.759854,0,Fileset 1: TS pulse compressed wideband pings T2
164.500,-57.756379,-63.736520,-62.492713,-58.833680,-63.996087,-59.454546,-70.467402,-70.173487,-59.441524,-64.312901,-74.437108,-66.186666,-63.843503,-66.569708,-73.661748,-60.123338,-63.905867,-63.906570,-74.993652,-57.116052,-58.740767,-67.095601,-57.806253,-61.533384,-60.098488,-59.339503,-58.989033,-56.923159,-65.958096,-62.355819,-76.740713,0,Fileset 1: TS pulse compressed wideband pings T2
165.000,-59.770512,-66.724906,-61.688972,-58.841842,-63.714315,-59.105265,-70.211219,-70.308172,-59.337047,-65.885127,-73.724854,-65.957751,-61.997459,-65.079366,-73.269901,-60.621758,-60.995930,-61.971496,-74.611461,-55.910371,-60.830439,-65.974203,-58.360689,-61.003190,-60.697001,-59.130203,-60.147064,-57.010262,-63.501118,-63.029479,-69.279717,0,Fileset 1: TS pulse compressed wideband pings T2
165.500,-61.124283,-71.317894,-61.386647,-58.947789,-63.695157,-58.994495,-69.445716,-70.994349,-59.614300,-67.611580,-73.264462,-64.840882,-60.174546,-65.126385,-63.241178,-61.721815,-58.723997,-60.966764,-72.361100,-55.723062,-61.887079,-65.149720,-59.292368,-60.011507,-60.732960,-58.333963,-60.740871,-57.170800,-61.666732,-62.960152,-64.255374,0,Fileset 1: TS pulse compressed wideband pings T2
166.000,-60.845742,-77.776454,-61.683851,-59.036465,-63.964867,-58.995700,-69.017757,-72.982551,-60.561683,-69.443439,-73.782583,-63.443350,-58.749930,-65.876577,-59.826489,-63.549292,-57.511753,-60.902985,-70.515642,-56.161505,-60.299288,-64.677474,-60.442516,-59.400852,-60.122841,-57.603078,-60.431969,-57.107640,-61.053021,-62.775364,-62.387444,0,Fileset 1: TS pulse compressed wideband pings T2
166.500,-59.525573,-80.710536,-62.474661,-58.951976,-64.504634,-58.942677,-68.884506,-77.719617,-62.292964,-70.430652,-75.484407,-62.193752,-57.914835,-66.425643,-59.047152,-66.032630,-57.306853,-61.501671,-68.849424,-56.897121,-58.599249,-63.852032,-61.457535,-59.659995,-59.365840,-57.216982,-59.693390,-56.705763,-61.619611,-62.405792,-63.335373,0,Fileset 1: TS pulse compressed wideband pings T2
167.000,-58.335908,-77.480099,-63.566853,-58.623057,-65.246459,-58.750632,-68.435084,-90.022014,-64.849518,-68.880302,-78.203177,-61.376914,-57.670496,-66.787569,-59.753650,-68.672063,-57.823241,-62.398398,-67.226231,-57.742826,-57.837280,-62.465528,-61.716195,-60.875270,-58.997685,-57.209988,-59.495298,-56.026828,-63.026737,-61.401920,-67.790741,0,Fileset 1: TS pulse compressed wideband pings T2
167.500,-57.872957,-74.829933,-64.913011,-58.152009,-66.068844,-58.456978,-67.365225,-90.503902,-68.113417,-65.964758,-82.174849,-61.133544,-57.884944,-67.391076,-60.777730,-69.900526,-58.684465,-63.283416,-65.709172,-58.587413,-58.141311,-60.914700,-60.980777,-62.754135,-59.277747,-57.396759,-60.440753,-55.255705,-64.527581,-59.952318,-83.338647,0,Fileset 1: TS pulse compressed wideband pings T2
168.000,-58.240002,-71.721673,-66.730074,-57.685109,-66.846524,-58.142520,-65.838133,-93.968752,-71.649127,-63.312780,-91.653650,-61.471911,-58.378267,-68.037897,-60.900447,-66.918705,-59.679090,-63.689733,-64.039045,-59.447945,-59.592161,-59.709998,-59.800997,-64.491913,-60.177672,-57.359260,-62.722454,-54.588469,-65.151066,-58.369706,-73.169315,0,Fileset 1: TS pulse compressed wideband pings T2
168.500,-59.294132,-67.967205,-69.458928,-57.287869,-67.545806,-57.847502,-64.150710,-86.919669,-75.713816,-61.238832,-84.938068,-62.318884,-58.992159,-68.369877,-59.904613,-63.001723,-60.840862,-63.014564,-62.330752,-60.625705,-62.054803,-59.130282,-58.720730,-64.906210,-61.455612,-56.786412,-66.172159,-54.112651,-64.451600,-56.847555,-67.864589,0,Fileset 1: TS pulse compressed wideband pings T2
169.000,-60.754902,-64.576405,-73.901591,-56.958230,-68.267793,-57.551621,-62.650427,-77.967260,-84.220381,-59.679164,-76.052341,-63.580878,-59.590487,-68.441024,-58.398533,-60.357348,-62.120839,-61.501100,-61.078075,-62.605220,-64.558355,-59.186971,-57.931570,-63.692702,-62.771723,-55.829719,-69.756118,-53.796058,-62.831860,-55.609018,-65.285935,0,Fileset 1: TS pulse compressed wideband pings T2
169.500,-62.295739,-61.962134,-79.451169,-56.682715,-69.208649,-57.200647,-61.620192,-74.947397,-79.191201,-58.557236,-71.059243,-65.230871,-60.014923,-68.224097,-57.023265,-58.995248,-62.997959,-59.951963,-60.619537,-65.887933,-66.221619,-59.654832,-57.439319,-61.776820,-63.840390,-54.820217,-72.268558,-53.552530,-61.126665,-54.809161,-62.690246,0,Fileset 1: TS pulse compressed wideband pings T2
170.000,-63.797967,-60.097246,-74.515741,-56.472565,-70.638195,-56.754939,-61.198176,-75.008773,-71.931427,-57.841159,-67.721211,-67.427799,-60.114437,-67.599527,-56.174597,-58.638951,-62.827514,-58.769324,-61.057324,-70.003567,-69.394972,-60.081573,-57.195881,-59.967541,-64.486165,-53.928274,-75.166464,-53.333155,-59.993282,-54.445789,-59.878394,0,Fileset 1: TS pulse compressed wideband pings T2
170.500,-65.678215,-58.858309,-69.434445,-56.375105,-72.998225,-56.231895,-61.383046,-76.826236,-68.817967,-57.530600,-65.400516,-70.613141,-59.872264,-66.986281,-55.930632,-58.945440,-61.868512,-57.973051,-62.313627,-68.745940,-83.983175,-59.996343,-57.147504,-58.571821,-64.768983,-53.165748,-80.245437,-53.188681,-59.731866,-54.367721,-57.306576,0,Fileset 1: TS pulse compressed wideband pings T2
171.000,-69.103769,-58.146022,-66.137619,-56.460674,-77.339849,-55.705500,-62.063888,-76.298647,-67.804043,-57.625261,-63.744326,-75.670738,-59.421002,-66.966003,-56.067186,-59.501412,-60.766870,-57.442187,-64.091999,-64.610250,-69.466402,-59.317797,-57.249796,-57.609542,-65.183740,-52.487937,-80.835387,-53.237883,-60.357671,-54.348596,-55.203849,0,Fileset 1: TS pulse compressed wideband pings T2
171.500,-77.532141,-57.921892,-63.777614,-56.793444,-89.255544,-55.260560,-63.080087,-73.781760,-68.164160,-58.094804,-62.492052,-85.197947,-58.905148,-67.703690,-56.190017,-59.928027,-59.773211,-57.063956,-65.781571,-61.886425,-63.178372,-58.360208,-57.475519,-56.959869,-66.392587,-51.860810,-74.842221,-53.571668,-61.567955,-54.204556,-53.597990,0,Fileset 1: TS pulse compressed wideband pings T2
172.000,-74.781758,-58.193491,-62.034098,-57.412686,-82.661178,-54.946317,-64.275559,-72.701232,-69.414199,-58.858466,-61.512848,-95.607754,-58.417117,-68.845232,-56.069281,-60.020086,-58.929686,-56.793318,-66.420477,-60.547142,-60.534261,-57.483173,-57.819954,-56.448350,-68.998353,-51.282860,-70.490422,-54.186179,-62.610422,-53.862243,-52.395638,0,Fileset 1: TS pulse compressed wideband pings T2
172.500,-67.174724,-58.970078,-60.824646,-58.335783,-75.246656,-54.766244,-65.428858,-73.323099,-71.076657,-59.760993,-60.825445,-88.802022,-58.032601,-69.566981,-55.813540,-59.792831,-58.291749,-56.628771,-65.389663,-60.377641,-59.537223,-56.906197,-58.297788,-55.941831,-74.092883,-50.775645,-67.559848,-54.975796,-62.579850,-53.341208,-51.430378,0,Fileset 1: TS pulse compressed wideband pings T2
173.000,-63.735169,-60.204375,-60.128604,-59.550533,-71.877248,-54.701866,-66.162112,-74.954712,-72.700232,-60.524621,-60.517468,-94.263959,-57.830998,-69.179101,-55.647094,-59.437092,-57.922105,-56.568968,-63.424573,-61.228737,-59.356812,-56.711984,-58.930395,-55.419220,-89.198824,-50.362972,-65.466954,-55.773481,-61.396906,-52.718062,-50.540683,0,Fileset 1: TS pulse compressed wideband pings T2
173.500,-61.998211,-61.669111,-59.916942,-60.932148,-70.109705,-54.748143,-66.260497,-75.717315,-74.494166,-60.743287,-60.658076,-85.310436,-57.877558,-67.922428,-55.720064,-59.159500,-57.823845,-56.599258,-61.517936,-62.906734,-59.341565,-56.902406,-59.728803,-54.950345,-75.864707,-50.055661,-63.636452,-56.434346,-59.813459,-52.098264,-49.655066,0,Fileset 1: TS pulse compressed wideband pings T2
174.000,-61.133329,-62.723186,-60.134802,-62.074124,-69.312990,-54.935922,-66.040558,-74.927443,-78.599815,-60.133822,-61.259014,-77.819365,-58.196845,-66.490777,-56.073705,-59.036761,-57.903922,-56.696105,-60.064498,-64.880466,-58.933354,-57.439603,-60.669680,-54.614229,-68.589007,-49.848077,-61.884957,-56.907401,-58.584694,-51.597663,-48.818267,0,Fileset 1: TS pulse compressed wideband pings T2
174.500,-60.733823,-62.528251,-60.698454,-62.433392,-69.246812,-55.323561,-65.938362,-74.942269,-89.885658,-58.870775,-62.258334,-73.304639,-58.754122,-65.325349,-56.595386,-58.999169,-57.976197,-56.828390,-59.080920,-65.790189,-58.015643,-58.273702,-61.651553,-54.438090,-64.138746,-49.724865,-60.536198,-57.180783,-58.219724,-51.334765,-48.141026,0,Fileset 1: TS pulse compressed wideband pings T2
175.000,-60.712110,-61.221971,-61.491195,-62.126301,-69.836209,-55.957284,-66.107157,-78.140878,-73.519695,-57.393456,-63.517019,-69.925041,-59.469778,-64.480914,-56.968128,-58.907149,-57.828423,-56.964707,-58.413892,-64.562300,-56.995065,-59.416710,-62.447144,-54.379486,-60.978944,-49.673212,-59.974822,-57.147411,-59.108056,-51.414502,-47.726733,0,Fileset 1: TS pulse compressed wideband pings T2
175.500,-61.380591,-59.833740,-62.490696,-62.024541,-71.280095,-56.976246,-66.695234,-93.994360,-67.649944,-56.183280,-65.006911,-67.266888,-60.455073,-63.881178,-57.005849,-58.835709,-57.494835,-57.263582,-58.048492,-62.340111,-56.455774,-61.259732,-62.926993,-54.499210,-58.864865,-49.848214,-60.513618,-56.806725,-61.902955,-52.054412,-47.774878,0,Fileset 1: TS pulse compressed wideband pings T2
176.000,-62.806704,-58.725669,-63.248865,-62.477399,-73.581573,-58.106618,-67.633197,-76.636830,-64.834926,-55.211624,-66.400527,-65.100276,-61.626041,-63.159934,-56.572825,-58.726635,-56.837857,-57.631367,-57.820386,-60.012900,-56.403366,-64.308994,-62.833057,-54.548162,-57.411822,-50.096738,-61.840951,-56.025242,-67.720219,-53.101477,-48.082898,0,Fileset 1: TS pulse compressed wideband pings T2
176.500,-64.878252,-57.639189,-63.078601,-63.299137,-76.714029,-58.755534,-68.647573,-70.349069,-63.422451,-54.086907,-67.225494,-63.093025,-62.753062,-62.029372,-55.630592,-58.454763,-55.567586,-57.767637,-57.521497,-57.564679,-56.408520,-69.998321,-61.934076,-54.138736,-56.021901,-50.022434,-62.986329,-54.613753,-80.171487,-54.173180,-48.129017,0,Fileset 1: TS pulse compressed wideband pings T2
177.000,-68.744964,-56.937731,-62.385549,-64.972852,-82.217572,-59.118982,-69.545599,-67.009452,-63.290470,-53.151511,-67.976936,-61.671475,-64.361168,-61.137710,-54.897792,-58.690072,-54.181191,-58.112940,-57.758364,-55.591206,-56.747371,-93.973924,-60.827107,-53.809679,-54.890207,-50.000937,-63.499765,-53.161414,-67.513775,-55.837139,-48.137887,0,Fileset 1: TS pulse compressed wideband pings T2
177.500,-78.587171,-56.564022,-61.494675,-67.174810,-102.309460,-59.148710,-68.414649,-64.493557,-64.124339,-52.385032,-68.927661,-60.850750,-66.402450,-60.649141,-54.528153,-59.571768,-52.782774,-58.639283,-58.659719,-54.317503,-57.250170,-69.946581,-59.664373,-53.807482,-53.886055,-50.027426,-63.118906,-51.854540,-61.271122,-58.669045,-47.993657,0,Fileset 1: TS pulse compressed wideband pings T2
178.000,-75.192026,-56.394512,-60.610868,-67.442125,-83.444476,-58.900900,-65.434183,-61.902529,-65.768868,-51.738262,-70.148066,-60.542492,-68.121987,-60.493317,-54.320565,-60.797972,-51.404006,-59.124565,-60.073042,-53.882493,-57.516876,-65.911608,-58.488716,-54.282847,-52.918343,-50.018474,-62.366576,-50.823311,-57.137353,-63.588765,-47.592346,0,Fileset 1: TS pulse compressed wideband pings T2
178.500,-66.374557,-56.785464,-60.209212,-65.233175,-76.519922,-58.942742,-62.983135,-59.911435,-68.706391,-51.643316,-71.555948,-61.043595,-68.239474,-60.878504,-54.163601,-62.024302,-50.509984,-59.669978,-61.935068,-54.726342,-57.622521,-65.814101,-57.752724,-55.694072,-52.465610,-50.321151,-62.540470,-50.622056,-54.622347,-64.612860,-47.360434,0,Fileset 1: TS pulse compressed wideband pings T2
179.000,-61.613215,-57.428065,-59.961185,-63.289555,-72.217792,-59.006799,-61.300033,-58.757016,-68.285150,-51.814929,-71.700120,-61.838351,-66.083214,-61.112109,-53.327254,-62.465801,-49.777015,-59.663878,-63.240684,-55.908042,-57.201302,-68.225406,-57.109996,-57.508935,-52.313207,-50.551402,-64.035399,-50.970850,-53.239204,-59.098954,-47.045305,0,Fileset 1: TS pulse compressed wideband pings T2
179.500,-58.102045,-58.507721,-60.007064,-62.596520,-69.031163,-59.061975,-60.329022,-58.748237,-63.043681,-52.386082,-70.425599,-62.726821,-63.374510,-60.921509,-52.229037,-62.473739,-49.235440,-59.247270,-63.785161,-55.632009,-56.187712,-73.125814,-56.574530,-59.347428,-52.574900,-50.774651,-65.461896,-51.832487,-52.857644,-55.999838,-46.800729,0,Fileset 1: TS pulse compressed wideband pings T2
180.000,-55.625273,-60.230967,-60.532957,-62.839074,-66.588308,-58.978208,-59.818686,-59.802478,-59.333282,-53.483296,-68.711624,-63.293952,-61.184629,-60.353345,-51.494489,-62.305950,-48.924965,-58.905462,-63.929205,-53.608878,-54.685524,-73.404560,-56.160748,-60.765272,-53.182023,-51.076441,-62.541993,-52.960227,-53.098423,-54.591835,-46.688766,0,Fileset 1: TS pulse compressed wideband pings T2
180.500,-54.035505,-62.488667,-61.404526,-62.739099,-64.488766,-58.478487,-59.337646,-61.184365,-57.146589,-54.986963,-66.996040,-62.865040,-59.527581,-59.465317,-51.142605,-61.866494,-48.705516,-58.756481,-64.087119,-51.388598,-53.162100,-66.440661,-55.684014,-61.050076,-53.630721,-51.254986,-59.085099,-53.756251,-53.075959,-53.799642,-46.399168,0,Fileset 1: TS pulse compressed wideband pings T2
181.000,-53.443121,-65.535556,-62.757806,-61.435875,-62.833016,-57.918170,-59.148539,-62.452337,-56.047954,-57.291685,-65.617872,-61.893153,-58.483052,-58.688070,-51.225065,-61.020056,-48.896324,-58.925883,-64.814344,-49.934705,-52.248404,-62.094163,-55.457236,-60.391440,-53.841508,-51.480897,-57.140359,-54.260621,-52.456180,-53.240127,-46.018458,0,Fileset 1: TS pulse compressed wideband pings T2
181.500,-53.514200,-69.495034,-64.312560,-59.344807,-61.499469,-57.470123,-59.351046,-63.252000,-55.393783,-60.826840,-64.449250,-60.917644,-57.762217,-58.059751,-51.265084,-59.335397,-49.521070,-58.941829,-65.619120,-49.274591,-51.708356,-59.672864,-55.588974,-59.465079,-53.755236,-51.659437,-56.169437,-54.634829,-51.279199,-52.708935,-45.484262,0,Fileset 1: TS pulse compressed wideband pings T2
182.000,-53.775523,-74.478291,-65.716736,-57.430854,-60.382570,-57.208786,-59.812408,-63.237941,-54.743168,-67.014654,-63.397409,-60.119394,-57.130954,-57.516408,-51.008863,-57.506692,-50.531164,-58.453380,-65.498662,-49.169978,-51.023807,-58.239200,-56.192855,-58.544206,-53.612765,-51.740127,-55.607885,-55.151937,-50.058768,-52.406765,-44.857261,0,Fileset 1: TS pulse compressed wideband pings T2
182.500,-53.905597,-74.436094,-66.894492,-56.263322,-59.553453,-57.218912,-60.223197,-62.290032,-54.152401,-88.791926,-62.580031,-59.558354,-56.650854,-57.092742,-50.979525,-56.365248,-51.967357,-57.775139,-64.381459,-49.248661,-50.067130,-57.131266,-57.523254,-57.484212,-53.862254,-51.898399,-55.262528,-55.952056,-49.396416,-52.753363,-44.388593,0,Fileset 1: TS pulse compressed wideband pings T2
183.000,-53.569551,-69.164768,-67.757815,-55.783519,-58.842959,-57.228853,-59.994472,-60.754069,-53.642831,-69.732418,-61.857103,-59.003367,-56.207319,-56.596331,-51.587189,-55.815095,-53.536082,-57.146345,-62.827556,-48.790847,-48.883809,-55.779417,-59.575370,-56.054327,-54.540625,-52.076084,-54.738044,-56.423130,-49.344679,-53.727388,-44.020611,0,Fileset 1: TS pulse compressed wideband pings T2
183.500,-53.034392,-65.388448,-68.695662,-56.015258,-58.331822,-57.214835,-59.231718,-59.249121,-53.473486,-65.501292,-61.374099,-58.524120,-55.904445,-56.174263,-53.224447,-55.680384,-55.056350,-56.857309,-61.599047,-47.847058,-47.890223,-54.316714,-62.656768,-54.667189,-55.708686,-52.403722,-53.918333,-56.181655,-49.935761,-55.213973,-43.859773,0,Fileset 1: TS pulse compressed wideband pings T2
184.000,-52.595004,-62.876037,-70.138404,-56.783083,-57.985906,-57.118299,-58.249130,-57.823133,-53.669208,-64.593171,-61.226529,-58.105802,-55.667051,-55.891970,-55.920635,-55.675965,-56.024203,-56.863731,-60.965489,-46.814764,-47.265175,-52.930453,-67.174165,-53.560891,-57.091109,-52.799427,-52.853862,-55.448564,-50.900251,-56.437993,-43.833176,0,Fileset 1: TS pulse compressed wideband pings T2
184.500,-52.526084,-61.229912,-72.731698,-57.942268,-57.859226,-57.026124,-57.418689,-56.411537,-54.204998,-65.798180,-61.595714,-57.808206,-55.470315,-55.834051,-59.613435,-55.732510,-56.031904,-57.080960,-60.905865,-46.066774,-47.112050,-51.878333,-72.842649,-52.800930,-58.387597,-53.189622,-51.872728,-54.762061,-52.047439,-56.526457,-43.926949,0,Fileset 1: TS pulse compressed wideband pings T2
185.000,-52.886534,-60.171052,-77.622748,-59.234881,-57.961835,-56.975177,-56.952050,-55.003201,-54.910152,-69.454035,-62.555025,-57.617051,-55.254622,-55.942892,-64.050705,-55.780036,-55.233664,-57.377773,-61.108226,-45.722750,-47.351851,-51.326066,-71.303991,-52.245576,-59.427460,-53.438392,-51.146375,-54.334352,-53.410495,-55.573505,-44.092903,0,Fileset 1: TS pulse compressed wideband pings T2
185.500,-53.610438,-59.523272,-90.899303,-60.339164,-58.318205,-56.984963,-56.977187,-53.769225,-55.663235,-79.484799,-64.107175,-57.518615,-55.024667,-56.109745,-66.373445,-55.784632,-54.254823,-57.764175,-61.385223,-45.825557,-47.830334,-51.399803,-67.416423,-51.760274,-60.378659,-53.480315,-50.695897,-54.253592,-55.394679,-54.305102,-44.334893,0,Fileset 1: TS pulse compressed wideband pings T2
186.000,-54.457936,-59.111420,-81.339788,-60.957817,-58.885222,-56.989733,-57.472193,-52.860316,-56.506309,-76.167588,-66.064157,-57.462574,-54.783754,-56.147466,-62.084898,-55.778912,-53.479661,-58.327733,-61.970077,-46.313128,-48.336238,-52.111679,-65.274001,-51.275592,-61.412489,-53.283373,-50.404934,-54.562964,-58.573348,-53.094885,-44.627770,0,Fileset 1: TS pulse compressed wideband pings T2
186.500,-55.045941,-58.766715,-74.255329,-61.111300,-59.542002,-56.866483,-58.245936,-52.294301,-57.665400,-68.159310,-67.946236,-57.396043,-54.509640,-55.843642,-57.770601,-55.843230,-52.931182,-59.104158,-63.420062,-46.994308,-48.710517,-53.358517,-64.274444,-50.808072,-62.345835,-52.830174,-50.096573,-55.260697,-63.395645,-52.023696,-44.881530,0,Fileset 1: TS pulse compressed wideband pings T2
187.000,-55.201817,-58.566463,-70.152800,-61.244581,-60.314502,-56.703005,-59.115396,-52.149663,-59.564302,-64.517935,-69.217167,-57.483092,-54.347908,-55.246334,-55.005242,-56.154960,-52.609407,-60.128928,-66.683272,-47.736081,-49.073554,-55.144835,-64.108526,-50.594412,-62.664458,-52.295520,-49.795263,-56.470215,-65.760163,-51.255275,-45.138256,0,Fileset 1: TS pulse compressed wideband pings T2
187.500,-54.750740,-58.358972,-67.120201,-61.291913,-60.922991,-56.348467,-59.427786,-52.089173,-61.739555,-62.153944,-69.344838,-57.577255,-54.121967,-54.234257,-53.268581,-56.378294,-52.117731,-60.819913,-71.796638,-48.037193,-49.276448,-57.110504,-64.244830,-50.527084,-61.607618,-51.537722,-49.259252,-57.928421,-61.844183,-50.604552,-45.123163,0,Fileset 1: TS pulse compressed wideband pings T2
188.000,-54.360870,-58.481219,-65.201799,-61.093627,-61.573835,-56.129763,-59.075123,-52.132329,-62.346540,-60.351691,-69.100909,-57.885360,-54.076492,-53.246181,-52.473456,-56.437833,-51.535229,-60.907040,-69.789836,-47.991406,-49.683503,-59.136508,-64.525822,-50.848017,-59.889426,-50.838463,-48.736990,-59.751479,-58.644847,-50.306337,-45.068252,0,Fileset 1: TS pulse compressed wideband pings T2
188.500,-54.470275,-58.911037,-64.349075,-59.862743,-62.207068,-55.986458,-58.162660,-51.982427,-61.005476,-58.453453,-69.286315,-58.109935,-54.086904,-52.400501,-52.105094,-55.997097,-50.781045,-60.238412,-65.357734,-47.658001,-50.431868,-60.197158,-64.469350,-51.322279,-58.207736,-50.117970,-48.196835,-61.703705,-56.017066,-50.223462,-44.948574,0,Fileset 1: TS pulse compressed wideband pings T2
189.000,-55.485022,-59.718555,-64.596942,-57.798049,-62.971211,-55.933986,-57.371556,-51.698125,-60.433854,-56.455409,-70.568903,-58.051831,-54.195662,-51.893374,-51.767216,-55.295363,-50.156535,-59.247018,-62.555657,-47.405401,-51.696945,-60.126125,-64.098685,-51.803018,-56.975977,-49.457908,-47.809243,-63.677192,-53.918999,-50.334008,-44.914469,0,Fileset 1: TS pulse compressed wideband pings T2
189.500,-57.578049,-60.974027,-65.810395,-55.867844,-63.983737,-56.033557,-57.280569,-51.613819,-61.445549,-54.837309,-72.768082,-57.811870,-54.577911,-51.850662,-51.570387,-55.008726,-50.079152,-58.505735,-60.606173,-47.559662,-53.224735,-60.550477,-63.760313,-52.329415,-56.295334,-49.048259,-47.778906,-65.692974,-52.855188,-50.717624,-45.161104,0,Fileset 1: TS pulse compressed wideband pings T2
190.000,-59.946609,-62.282407,-67.087824,-54.334469,-64.652644,-56.002635,-57.637609,-51.669022,-63.087476,-53.620844,-73.032077,-57.364291,-55.031078,-51.863821,-51.705850,-55.328431,-50.369475,-58.153910,-59.368045,-47.795295,-54.087302,-62.116672,-63.253794,-52.708292,-55.621372,-48.701016,-47.827098,-67.376103,-52.545844,-51.219700,-45.456137,0,Fileset 1: TS pulse compressed wideband pings T2
190.500,-60.533619,-63.567944,-67.651151,-53.470249,-64.669894,-56.067455,-58.313859,-52.069346,-64.513184,-53.033524,-70.501669,-57.110453,-55.731397,-51.946456,-52.735718,-56.532731,-51.026665,-58.575703,-59.236892,-48.077347,-54.276088,-64.835270,-62.657052,-53.220213,-54.859734,-48.633001,-48.096478,-68.217873,-52.770535,-52.234280,-45.956599,0,Fileset 1: TS pulse compressed wideband pings T2
191.000,-58.087299,-64.263420,-66.795172,-53.079803,-63.901489,-56.200162,-58.873049,-52.578483,-65.693386,-52.918853,-67.455827,-57.012337,-56.517707,-51.950018,-54.731963,-58.347025,-51.634887,-59.714418,-60.056943,-48.195699,-53.946966,-67.407055,-61.801262,-53.808768,-53.924031,-48.734519,-48.502840,-68.513148,-52.979058,-53.781629,-46.509874,0,Fileset 1: TS pulse compressed wideband pings T2
191.500,-55.218815,-63.932059,-64.979646,-53.016123,-62.756064,-56.420897,-59.142156,-52.981832,-67.660506,-53.205067,-64.664237,-56.999632,-57.281226,-51.914286,-57.646376,-60.473962,-51.880126,-61.566686,-61.645232,-48.184169,-53.586266,-67.497863,-60.694996,-54.411841,-52.999832,-48.936341,-49.063918,-70.080143,-52.848508,-55.568734,-47.060791,0,Fileset 1: TS pulse compressed wideband pings T2
192.000,-53.145691,-62.904636,-63.094630,-53.279162,-61.711825,-56.813645,-59.257042,-53.236610,-71.615377,-53.969306,-62.320870,-57.105068,-58.030743,-52.031372,-60.691038,-62.969901,-51.748140,-64.293727,-63.830509,-48.235329,-53.844601,-65.564131,-59.530832,-55.004429,-52.365430,-49.259955,-49.885480,-72.292289,-52.377467,-56.523991,-47.713416,0,Fileset 1: TS pulse compressed wideband pings T2
192.500,-52.063159,-61.917967,-61.675391,-53.959114,-61.090512,-57.450400,-59.468828,-53.460994,-72.452649,-55.319077,-60.618883,-57.466471,-58.852373,-52.520692,-61.813450,-66.362678,-51.532979,-68.167787,-66.236052,-48.541480,-55.170199,-64.123674,-58.563079,-55.561210,-52.244023,-49.760652,-51.049372,-67.416697,-51.845351,-55.831779,-48.623757,0,Fileset 1: TS pulse compressed wideband pings T2
193.000,-51.701200,-61.170211,-60.651460,-54.897748,-60.781101,-58.065005,-59.684374,-53.600500,-66.037630,-56.888316,-59.434721,-57.999581,-59.612162,-53.260544,-61.643033,-68.186644,-51.395484,-73.250860,-68.407117,-48.961756,-57.216224,-64.123175,-57.726186,-55.814561,-52.448912,-50.220059,-52.247938,-62.509255,-51.386713,-54.429243,-49.591505,0,Fileset 1: TS pulse compressed wideband pings T2
193.500,-52.108330,-60.938308,-60.166364,-56.336419,-60.945231,-58.765586,-60.045521,-54.071653,-61.875800,-58.201636,-58.951664,-58.987049,-60.628455,-54.440252,-62.383519,-64.398137,-51.837539,-77.567779,-71.761507,-49.742294,-59.408309,-66.444164,-57.268630,-56.038937,-53.032296,-50.845037,-53.466706,-59.978682,-51.433437,-53.463521,-50.680791,0,Fileset 1: TS pulse compressed wideband pings T2
194.000,-52.821929,-60.883413,-59.830626,-58.024601,-61.195597,-59.259185,-60.106082,-54.842270,-59.343072,-58.172903,-58.783515,-60.102151,-61.741089,-55.751909,-63.895136,-60.869676,-52.723757,-73.374958,-80.019502,-50.737509,-61.462849,-72.158724,-56.895144,-56.195672,-53.517623,-51.417166,-54.242253,-58.901609,-51.708116,-52.760302,-51.429984,0,Fileset 1: TS pulse compressed wideband pings T2
194.500,-53.629583,-60.841730,-59.490203,-59.802825,-61.313935,-59.528686,-59.700198,-55.954870,-57.661454,-57.055971,-58.648563,-60.968611,-62.797721,-57.149054,-65.404691,-58.799539,-53.868513,-68.897034,-76.728754,-52.111140,-63.393836,-82.948789,-56.440689,-56.435599,-53.781861,-51.894447,-54.490423,-58.546633,-51.879215,-52.172934,-51.665087,0,Fileset 1: TS pulse compressed wideband pings T2
195.000,-54.749729,-60.943662,-59.328409,-61.595918,-61.394940,-59.809331,-59.134894,-57.483915,-56.432766,-55.869968,-58.510144,-61.317252,-63.580794,-58.966080,-66.152254,-57.836244,-55.082298,-66.156873,-69.414993,-54.428983,-61.733915,-76.454326,-55.968789,-57.016440,-54.180159,-52.392631,-54.649936,-58.311699,-51.787252,-51.909597,-51.641666,0,Fileset 1: TS pulse compressed wideband pings T2
195.500,-56.273978,-61.069687,-59.254360,-62.957396,-61.360818,-59.954987,-58.477490,-59.135539,-55.087209,-54.823736,-58.138671,-60.791138,-63.478550,-61.327945,-64.649030,-57.210987,-55.799729,-64.478002,-66.346676,-58.348958,-59.247281,-75.178331,-55.299282,-57.728640,-54.775978,-52.620199,-55.008571,-57.392955,-51.121972,-51.912793,-51.404017,0,Fileset 1: TS pulse compressed wideband pings T2
196.000,-58.787510,-61.553581,-59.540049,-64.049371,-61.648723,-60.149866,-58.080192,-61.290505,-53.810452,-54.214562,-57.853224,-59.849067,-62.658372,-64.707327,-61.720562,-56.616668,-56.127991,-63.723194,-65.408388,-65.968841,-59.469252,-75.683553,-54.778558,-58.652192,-55.841411,-52.691559,-56.241278,-56.037020,-50.247779,-52.495534,-51.354535,0,Fileset 1: TS pulse compressed wideband pings T2
196.500,-62.518384,-62.344926,-59.985599,-64.968652,-62.287579,-60.182263,-57.741471,-63.807618,-52.695292,-53.881434,-57.646035,-58.803086,-61.327242,-68.390526,-59.141688,-55.777563,-56.224723,-63.503491,-65.551012,-63.938856,-62.432344,-74.405123,-54.438719,-59.461804,-56.959694,-52.496663,-58.493744,-54.676748,-49.392791,-53.538150,-51.401653,0,Fileset 1: TS pulse compressed wideband pings T2
197.000,-67.831551,-63.437999,-60.426153,-66.088424,-63.240507,-60.023050,-57.321312,-65.003707,-51.919253,-53.758734,-57.559889,-58.023970,-59.944430,-69.673033,-57.558090,-54.963016,-56.511863,-63.565447,-65.900500,-58.052010,-63.546020,-74.961909,-54.380374,-60.149515,-57.713993,-52.214119,-61.451705,-53.800794,-48.912386,-54.952158,-51.493606,0,Fileset 1: TS pulse compressed wideband pings T2
197.500,-74.820421,-64.760970,-60.738964,-67.802057,-64.266072,-59.750492,-56.849647,-64.049349,-51.490697,-53.793996,-57.546154,-57.671463,-58.820717,-68.407840,-56.963573,-54.448626,-57.087050,-63.639741,-65.662771,-55.314360,-60.963439,-81.156929,-54.618560,-61.033201,-58.117898,-52.042880,-63.049829,-53.574351,-48.973722,-56.549893,-51.591580,0,Fileset 1: TS pulse compressed wideband pings T2
198.000,-77.555909,-66.095219,-60.858694,-70.401525,-64.985157,-59.394163,-56.414598,-63.077112,-51.197343,-53.875967,-57.444493,-57.619406,-57.925909,-66.758365,-57.029462,-54.246962,-57.463992,-63.460879,-64.720258,-54.075104,-60.284070,-82.056944,-55.017018,-62.466211,-58.465059,-51.990348,-61.993170,-53.817172,-49.470063,-57.981764,-51.611337,0,Fileset 1: TS pulse compressed wideband pings T2
198.500,-73.436709,-67.130644,-60.885664,-73.927560,-65.255280,-58.996111,-56.117376,-62.859701,-50.824270,-53.975796,-57.211667,-57.671295,-57.120075,-65.158694,-57.201445,-54.312224,-57.186210,-62.997421,-63.616752,-53.638740,-61.526370,-72.286074,-55.472103,-64.894354,-58.981762,-52.010308,-60.454713,-54.235450,-50.249713,-58.739206,-51.556402,0,Fileset 1: TS pulse compressed wideband pings T2
199.000,-69.185587,-67.459735,-61.042624,-74.979923,-65.232762,-58.644799,-56.064910,-63.161987,-50.287152,-54.203427,-56.992211,-57.684423,-56.343361,-63.767231,-56.843910,-54.639650,-56.563409,-62.420942,-62.895246,-53.549984,-62.227557,-68.201070,-56.001692,-69.248677,-59.760024,-52.097547,-59.322426,-54.523409,-51.245944,-57.901908,-51.551389,0,Fileset 1: TS pulse compressed wideband pings T2
199.500,-64.933851,-66.754512,-61.371990,-71.007689,-64.938580,-58.253179,-56.159702,-63.182135,-49.471945,-54.573847,-56.827046,-57.409864,-55.486673,-62.732251,-55.795031,-54.989579,-56.095920,-61.811101,-62.764209,-53.045840,-60.272626,-66.419314,-56.500914,-78.105203,-60.533963,-52.082442,-58.196752,-54.224464,-52.313774,-55.351750,-51.561378,0,Fileset 1: TS pulse compressed wideband pings T2
200.000,-60.869904,-65.506245,-61.953753,-67.385283,-64.452808,-57.861987,-56.402090,-62.153799,-48.565156,-55.269439,-56.846089,-56.882276,-54.720215,-62.390198,-54.833013,-55.155827,-56.145998,-61.510232,-63.501782,-51.787774,-58.088532,-66.653443,-56.930567,-77.988229,-60.919876,-51.947330,-56.622954,-53.282447,-53.646731,-52.715592,-51.662744,0,Fileset 1: TS pulse compressed wideband pings T2
200.500,-57.600371,-64.444210,-62.756626,-65.083441,-63.952601,-57.631186,-56.873410,-60.193904,-47.960085,-56.521323,-57.103787,-56.435072,-54.383516,-63.038245,-54.603055,-55.134347,-56.686095,-62.052378,-65.330111,-50.489171,-55.925334,-69.587424,-57.142884,-72.743841,-60.626523,-51.831556,-54.726348,-52.193427,-55.809035,-51.136283,-52.110481,0,Fileset 1: TS pulse compressed wideband pings T2
201.000,-55.233048,-63.528110,-63.208142,-63.575647,-63.334908,-57.446863,-57.352037,-58.035758,-47.644351,-58.094857,-57.162802,-56.131485,-54.378710,-64.194420,-54.656281,-54.802709,-56.977413,-63.438942,-67.542943,-49.667977,-53.772001,-76.723469,-56.669869,-71.182014,-59.661952,-51.608858,-52.889015,-51.276893,-58.453463,-50.395694,-52.955247,0,Fileset 1: TS pulse compressed wideband pings T2
201.500,-53.843694,-62.749187,-63.267159,-62.795060,-62.862784,-57.607582,-58.019420,-56.596559,-47.781955,-60.087827,-57.148594,-56.264104,-54.795106,-65.237099,-54.622836,-54.418196,-56.985929,-65.593831,-69.126068,-49.650418,-53.074737,-79.697549,-55.895655,-70.070341,-58.867107,-51.553503,-51.753303,-50.970509,-58.409214,-50.038036,-54.500909,0,Fileset 1: TS pulse compressed wideband pings T2
202.000,-52.915282,-61.812288,-63.009745,-62.511226,-62.418043,-58.021733,-58.691964,-55.843980,-48.082067,-62.399127,-57.132440,-56.613661,-55.319757,-65.360726,-54.258522,-53.957801,-56.904868,-67.975567,-69.879217,-50.033625,-54.169492,-69.807382,-55.059020,-68.822162,-58.492743,-51.573748,-51.233342,-51.076733,-55.566619,-49.511403,-56.473781,0,Fileset 1: TS pulse compressed wideband pings T2
202.500,-51.963988,-60.645861,-62.676659,-62.563272,-61.850937,-58.505031,-59.149197,-55.423979,-48.287678,-65.104078,-57.151856,-56.908143,-55.722129,-64.459859,-53.474433,-53.427045,-56.974563,-70.554317,-70.799065,-50.221329,-56.950049,-63.752129,-54.193187,-67.934395,-58.426717,-51.517767,-51.026881,-51.268102,-53.083690,-48.879297,-58.752307,0,Fileset 1: TS pulse compressed wideband pings T2
203.000,-51.012367,-59.560056,-62.663810,-63.101906,-61.290585,-59.111654,-59.453853,-55.197286,-48.539937,-68.752296,-57.368175,-57.236878,-56.178996,-63.120749,-52.308964,-52.960901,-57.579229,-72.617469,-72.062647,-49.839346,-61.172799,-59.559443,-53.475245,-67.531826,-58.656375,-51.492655,-51.076585,-51.519203,-51.394594,-48.543751,-62.165891,0,Fileset 1: TS pulse compressed wideband pings T2
203.500,-50.096055,-58.644871,-63.050195,-64.132819,-60.697684,-59.710442,-59.505142,-54.889606,-48.889648,-73.955857,-57.616101,-57.616803,-56.750584,-61.731241,-50.725549,-52.368912,-58.798796,-69.679321,-71.004262,-48.667387,-62.814863,-56.599017,-52.878248,-67.104375,-58.884850,-51.442526,-51.189066,-51.696998,-50.136465,-48.486344,-66.756626,0,Fileset 1: TS pulse compressed wideband pings T2
204.000,-49.397375,-57.988826,-63.888690,-65.762096,-60.135006,-60.272906,-59.323014,-54.460548,-49.493681,-79.761703,-57.704170,-58.200351,-57.549552,-60.544726,-49.002035,-51.590961,-60.613210,-65.025644,-67.430868,-47.133985,-59.790083,-54.609949,-52.467241,-66.251415,-58.853843,-51.424203,-51.354912,-51.815783,-49.107589,-48.540917,-62.747186,0,Fileset 1: TS pulse compressed wideband pings T2
204.500,-49.350508,-57.864052,-65.354624,-68.340061,-59.963575,-61.092220,-59.276789,-54.371350,-50.742422,-77.405999,-57.802583,-59.388224,-58.831129,-59.890071,-47.780063,-51.077958,-63.004591,-61.809416,-64.598955,-46.079676,-56.472233,-53.687577,-52.597414,-65.410824,-58.770089,-51.786667,-51.987100,-52.188741,-48.582897,-48.690013,-57.705062,0,Fileset 1: TS pulse compressed wideband pings T2
205.000,-49.703510,-57.843699,-66.915261,-71.447163,-59.941154,-61.885624,-59.203749,-54.586937,-52.301826,-73.064303,-57.776911,-60.870064,-60.031603,-59.416724,-47.030122,-50.829106,-65.205747,-59.733696,-62.875289,-45.534312,-53.574759,-53.285974,-53.027093,-64.700511,-58.618498,-52.248335,-52.990780,-52.493361,-48.459271,-48.528922,-54.916332,0,Fileset 1: TS pulse compressed wideband pings T2
205.500,-50.225805,-57.619273,-68.570058,-73.846031,-59.940013,-62.514300,-59.103907,-55.101333,-53.840716,-69.648781,-57.784087,-62.385391,-60.674449,-58.953760,-46.706085,-50.898329,-66.447089,-58.407114,-61.792857,-45.460701,-51.524230,-52.936459,-53.660386,-63.982950,-58.710772,-52.617324,-54.381702,-52.565439,-48.876698,-48.228381,-53.442601,0,Fileset 1: TS pulse compressed wideband pings T2
206.000,-50.789916,-57.205999,-71.280583,-72.938645,-59.987019,-63.051440,-59.110447,-55.879481,-55.237870,-67.337950,-58.031371,-63.954868,-60.807421,-58.488366,-46.751243,-51.305434,-66.562651,-57.569824,-60.798824,-45.872100,-50.503666,-52.461288,-54.593400,-63.040890,-59.425752,-52.865379,-56.238831,-52.563930,-50.080176,-48.230145,-52.773559,0,Fileset 1: TS pulse compressed wideband pings T2
206.500,-50.728324,-56.210969,-76.128859,-69.733988,-59.499856,-62.980464,-58.676282,-56.160352,-55.973193,-65.239232,-57.928707,-65.218225,-60.230833,-57.346157,-46.417060,-51.280622,-66.579608,-56.330367,-59.040036,-46.113175,-49.721435,-51.362864,-55.323004,-61.468372,-60.295951,-52.404557,-57.916869,-52.108175,-51.525897,-48.146845,-51.946923,0,Fileset 1: TS pulse compressed wideband pings T2
207.000,-50.507692,-55.253616,-80.619890,-67.065372,-58.886097,-62.721051,-58.205692,-56.169837,-56.602008,-63.165525,-57.739095,-66.849705,-59.733980,-56.004714,-46.063292,-51.019043,-68.354325,-54.954608,-57.236649,-46.485733,-49.250919,-50.276735,-56.308752,-60.099744,-61.535438,-51.704886,-59.637056,-51.674144,-53.421693,-48.336890,-51.070999,0,Fileset 1: TS pulse compressed wideband pings T2
207.500,-50.608705,-54.773162,-73.434907,-65.547997,-58.503744,-62.631771,-58.060232,-56.123786,-57.515414,-61.276075,-57.652320,-69.189299,-59.866995,-55.082056,-46.168598,-50.831055,-71.540490,-53.895838,-56.108984,-47.226255,-49.118290,-49.709937,-57.902854,-59.456703,-62.988811,-51.218564,-61.372441,-51.551087,-55.679838,-48.948126,-50.312881,0,Fileset 1: TS pulse compressed wideband pings T2
208.000,-50.881489,-54.489160,-69.399113,-64.690590,-58.132917,-62.535015,-58.016728,-55.780101,-58.332463,-59.583028,-57.408132,-71.033455,-60.420408,-54.569622,-46.668978,-50.612830,-70.073588,-53.071834,-55.550110,-48.007590,-48.758513,-49.449028,-59.775625,-59.197183,-64.006621,-50.778255,-62.265788,-51.440114,-57.626018,-49.512125,-49.402385,0,Fileset 1: TS pulse compressed wideband pings T2
208.500,-51.397742,-54.362472,-67.348841,-64.258563,-57.881609,-62.570329,-58.143114,-55.378749,-58.858970,-58.382400,-57.235234,-70.932519,-61.384300,-54.653064,-47.783632,-50.595831,-67.492977,-52.636136,-55.605772,-48.890929,-48.040828,-49.489782,-61.735478,-59.135836,-65.039253,-50.461718,-61.850706,-51.441417,-59.380929,-50.001735,-48.451425,0,Fileset 1: TS pulse compressed wideband pings T2
209.000,-52.070858,-54.308236,-66.221832,-63.975950,-57.826752,-62.769562,-58.441640,-55.137738,-58.926890,-57.765414,-57.367762,-69.976111,-62.622711,-55.398159,-49.646517,-50.875430,-67.064267,-52.625144,-56.178502,-49.986614,-47.170577,-49.709130,-63.363290,-58.955342,-67.142470,-50.240398,-60.364228,-51.694829,-60.651356,-50.479492,-47.527222,0,Fileset 1: TS pulse compressed wideband pings T2
209.500,-52.628831,-54.246579,-65.419686,-63.583984,-57.977509,-63.025885,-58.844879,-55.102348,-58.420051,-57.658809,-57.892135,-69.708770,-63.893253,-56.729147,-52.218145,-51.342233,-68.131077,-52.954007,-57.001995,-51.385969,-46.551070,-49.884906,-64.346894,-58.282056,-71.872496,-49.986235,-58.566522,-52.321976,-58.769448,-50.854847,-46.694171,0,Fileset 1: TS pulse compressed wideband pings T2
210.000,-52.739752,-54.161948,-64.753840,-63.004123,-58.261886,-63.159518,-59.241247,-55.185475,-57.233688,-57.872776,-58.684854,-70.331231,-65.033823,-58.379897,-55.249219,-51.718954,-68.981611,-53.435144,-57.742101,-53.082477,-46.463274,-49.824421,-64.757517,-56.923186,-78.669558,-49.554427,-56.994719,-53.397241,-54.865071,-50.833837,-46.068059,0,Fileset 1: TS pulse compressed wideband pings T2
210.500,-52.315660,-54.114921,-64.347226,-62.383761,-58.555954,-63.048690,-59.515019,-55.290801,-55.657071,-58.191803,-59.433889,-71.185727,-66.242180,-59.963346,-58.900354,-51.766191,-68.976546,-53.889169,-58.261965,-54.849381,-46.976485,-49.549182,-64.616456,-55.126308,-71.413379,-48.931066,-55.829879,-54.911039,-51.759635,-50.370968,-45.741093,0,Fileset 1: TS pulse compressed wideband pings T2
211.000,-51.645726,-54.188230,-64.289778,-61.934830,-58.759677,-62.729122,-59.589198,-55.310522,-54.318705,-58.529059,-59.795878,-71.149901,-68.055412,-61.263584,-65.316732,-51.491648,-67.968698,-54.326051,-58.674905,-55.922590,-47.980888,-49.306898,-63.797955,-53.411353,-67.542704,-48.284765,-55.079059,-56.652579,-49.843303,-49.796914,-45.695843,0,Fileset 1: TS pulse compressed wideband pings T2
211.500,-51.362859,-54.635366,-64.687561,-62.001188,-59.091169,-62.576828,-59.663949,-55.273538,-53.869582,-59.197484,-59.902427,-70.237305,-71.305331,-62.527304,-69.448538,-51.315093,-65.415820,-55.192492,-59.364972,-55.545687,-49.400629,-49.605122,-62.753656,-52.393602,-66.458668,-48.054937,-54.892638,-58.310550,-49.140954,-49.551003,-46.073776,0,Fileset 1: TS pulse compressed wideband pings T2
212.000,-51.508673,-55.196356,-65.067717,-62.347056,-59.428655,-62.510025,-59.525471,-54.824381,-54.197578,-60.073578,-59.800500,-69.199067,-76.012513,-63.402179,-61.196251,-51.219832,-62.979460,-56.540552,-60.215360,-54.075013,-50.570072,-50.397047,-61.787587,-51.993028,-66.685947,-48.143961,-54.915439,-59.214684,-49.149627,-49.390076,-46.635803,0,Fileset 1: TS pulse compressed wideband pings T2
212.500,-52.013309,-55.694771,-65.081064,-62.708102,-59.790080,-62.450205,-59.063648,-53.957635,-55.039237,-60.883955,-59.732447,-68.666203,-78.938385,-63.411653,-58.072283,-51.174804,-61.629623,-58.433462,-61.087457,-52.609191,-51.109139,-51.597808,-61.156886,-52.026637,-67.092133,-48.420523,-54.885711,-59.453402,-49.422007,-49.163169,-47.300861,0,Fileset 1: TS pulse compressed wideband pings T2
213.000,-52.830672,-56.214314,-64.739821,-62.933450,-60.370911,-62.444215,-58.401717,-53.023410,-56.055466,-61.212670,-59.997779,-68.955665,-77.397235,-62.704201,-57.521320,-51.189707,-61.276015,-60.996155,-61.838245,-51.717643,-51.293745,-53.220703,-61.078214,-52.354432,-66.721597,-48.848460,-54.844384,-59.316591,-49.705742,-49.027232,-48.107359,0,Fileset 1: TS pulse compressed wideband pings T2
213.500,-53.799746,-56.922291,-64.251048,-62.881426,-61.324355,-62.534047,-57.736709,-52.361529,-56.725718,-60.770715,-60.735690,-70.046451,-76.143886,-61.889551,-58.954795,-51.166731,-61.342856,-64.151038,-62.178328,-51.547899,-51.542281,-55.246155,-61.611887,-52.744855,-65.491417,-49.352322,-54.958171,-58.498461,-49.840080,-49.180341,-48.981631,0,Fileset 1: TS pulse compressed wideband pings T2
214.000,-54.516169,-57.766507,-63.653218,-62.289969,-62.494774,-62.546155,-57.059088,-51.972567,-56.711858,-59.650809,-61.705914,-71.305029,-75.301286,-61.081643,-62.195345,-50.829740,-60.907781,-67.252262,-61.743368,-51.857327,-51.878034,-57.469211,-62.444424,-52.807059,-63.961196,-49.648044,-55.166780,-56.644163,-49.577031,-49.540410,-49.675013,0,Fileset 1: TS pulse compressed wideband pings T2
214.500,-54.512062,-58.388145,-62.658825,-60.816301,-63.375629,-62.067528,-56.064220,-51.445409,-56.114064,-57.833953,-62.270846,-71.445168,-73.379789,-59.702273,-67.146842,-49.878703,-59.538148,-68.995681,-60.375498,-52.075828,-51.974835,-59.606447,-62.863571,-52.174397,-62.283329,-49.292609,-55.099289,-53.945924,-48.551841,-49.709831,-49.889632,0,Fileset 1: TS pulse compressed wideband pings T2
215.000,-54.583192,-59.314637,-61.843994,-59.215006,-64.368463,-61.657698,-55.353678,-51.171855,-56.101964,-56.044012,-62.696458,-70.361827,-70.489641,-58.080252,-73.447070,-49.156694,-58.542546,-68.751062,-59.178911,-52.673576,-52.484073,-62.635330,-63.075176,-51.684481,-61.250693,-48.936829,-55.359031,-51.565450,-47.469341,-50.202308,-50.331398,0,Fileset 1: TS pulse compressed wideband pings T2
215.500,-54.969978,-60.214223,-60.949244,-57.535337,-65.203574,-61.124902,-54.730016,-50.748934,-56.931448,-54.208863,-62.665105,-68.335116,-67.107604,-56.168772,-70.991184,-48.756734,-58.526507,-66.743920,-58.475213,-53.661390,-53.196193,-66.529183,-62.739710,-51.488845,-60.745703,-48.580145,-55.861282,-49.578248,-46.340720,-50.700399,-50.785836,0,Fileset 1: TS pulse compressed wideband pings T2
216.000,-56.336102,-61.029502,-60.073313,-56.193024,-66.252638,-60.699608,-54.343728,-50.403020,-58.851851,-52.737926,-62.539524,-66.671728,-64.418272,-54.595034,-63.199596,-49.030076,-60.502014,-65.155270,-58.813941,-55.614564,-53.835616,-66.396414,-62.279764,-52.089956,-60.824513,-48.629107,-56.865059,-48.280774,-45.554244,-51.177298,-51.320802,0,Fileset 1: TS pulse compressed wideband pings T2
216.500,-59.228904,-61.698962,-59.511368,-55.544851,-68.173788,-60.756417,-54.392585,-50.722022,-60.050152,-52.087546,-62.769442,-66.275936,-63.222970,-53.939686,-57.349862,-50.088473,-65.792562,-65.324482,-60.522108,-57.685736,-53.952872,-62.776550,-62.283300,-53.844615,-61.156708,-49.422466,-58.398108,-47.903339,-45.449496,-51.593794,-52.039240,0,Fileset 1: TS pulse compressed wideband pings T2
217.000,-62.914573,-61.406895,-59.044602,-55.034503,-70.944220,-60.970611,-54.419860,-51.532965,-58.043791,-51.825950,-62.891542,-66.561025,-63.126125,-53.779653,-53.430152,-50.918994,-69.397095,-67.226287,-62.705781,-55.992975,-53.315270,-60.525759,-62.334798,-55.861114,-60.660716,-50.347388,-59.416604,-47.809542,-45.502259,-51.167676,-52.083649,0,Fileset 1: TS pulse compressed wideband pings T2
217.500,-66.683949,-60.560592,-59.332143,-54.874344,-75.403841,-61.790404,-54.932175,-53.318341,-56.191258,-52.238248,-63.267102,-67.205005,-64.310028,-54.352780,-51.354045,-51.306697,-65.593997,-72.082812,-64.777253,-53.482580,-53.061707,-59.831303,-62.640026,-57.522856,-60.016593,-51.547643,-59.756227,-48.199710,-46.030518,-50.323871,-51.669138,0,Fileset 1: TS pulse compressed wideband pings T2
218.000,-69.697102,-59.274215,-60.049792,-54.483878,-79.666724,-62.691199,-55.602261,-55.562493,-55.158371,-52.698485,-63.450852,-67.102147,-65.879315,-54.943172,-50.235317,-50.687515,-64.379106,-84.817380,-65.413931,-51.775975,-53.119803,-59.505201,-62.623229,-57.973915,-59.393984,-52.422922,-58.921198,-48.527380,-46.574009,-49.113670,-50.937704,0,Fileset 1: TS pulse compressed wideband pings T2
218.500,-70.726783,-58.021907,-61.201463,-53.855600,-76.573305,-63.533838,-56.521468,-58.000508,-54.721936,-53.022807,-63.382545,-66.225634,-67.027734,-55.237528,-49.723566,-49.460175,-65.163942,-79.474064,-64.863686,-50.741258,-53.578631,-59.022925,-62.333165,-58.017139,-59.119161,-53.011572,-57.492550,-48.824377,-47.171454,-47.981545,-50.524300,0,Fileset 1: TS pulse compressed wideband pings T2
219.000,-65.754128,-57.035250,-62.762213,-53.204445,-72.177653,-64.302972,-57.888312,-59.902143,-54.547855,-53.186381,-63.045467,-64.792007,-66.831377,-55.125959,-49.584302,-48.241253,-65.703798,-73.985331,-64.109469,-50.106638,-54.354223,-58.361514,-61.947667,-58.464239,-59.488849,-53.611399,-56.200779,-49.339034,-47.960722,-47.219156,-50.879482,0,Fileset 1: TS pulse compressed wideband pings T2
219.500,-60.336704,-55.771527,-63.832008,-52.270296,-68.613803,-64.426515,-59.333341,-59.384246,-53.643869,-52.717515,-61.951151,-62.514678,-64.611561,-54.236949,-48.978298,-46.993736,-63.156061,-72.312445,-63.227392,-49.098921,-54.418460,-57.237809,-61.014753,-58.986634,-60.267334,-54.072951,-54.951379,-49.834130,-48.408743,-46.405220,-51.845979,0,Fileset 1: TS pulse compressed wideband pings T2
220.000,-56.701494,-54.539002,-64.324150,-51.734287,-66.164766,-64.174051,-61.246275,-56.799977,-52.241774,-52.179710,-60.731573,-60.396648,-61.837096,-53.406889,-48.124836,-46.434359,-60.063367,-68.297606,-62.557036,-48.011698,-54.010184,-56.353686,-60.031724,-59.111564,-61.935554,-55.201286,-54.382025,-50.930982,-48.659002,-45.902591,-54.324652,0,Fileset 1: TS pulse compressed wideband pings T2
220.500,-54.857956,-53.510879,-64.895484,-51.864624,-64.931995,-63.627378,-63.501030,-53.823899,-50.977960,-51.878260,-59.858310,-59.121238,-59.777748,-53.191136,-47.386448,-46.632061,-57.965043,-62.824151,-61.968356,-47.071642,-53.771141,-56.069852,-59.375820,-57.662887,-63.578955,-57.279749,-54.632302,-52.562431,-48.549801,-45.679101,-59.208209,0,Fileset 1: TS pulse compressed wideband pings T2
221.000,-54.276977,-52.689226,-66.396888,-52.287423,-64.564531,-62.836049,-65.857567,-51.417610,-50.149246,-51.658632,-59.333525,-58.526554,-58.681141,-53.504778,-46.884965,-46.851195,-56.704460,-59.130994,-61.588385,-46.223569,-52.879965,-56.208291,-59.107473,-55.633104,-63.741855,-59.604217,-55.120139,-53.670148,-47.958152,-45.492975,-62.866639,0,Fileset 1: TS pulse compressed wideband pings T2
221.500,-54.751614,-52.513569,-69.497907,-52.959980,-65.048274,-62.424198,-68.679100,-50.157609,-50.096873,-51.747752,-59.420545,-58.584623,-58.761226,-54.473538,-46.992625,-47.024304,-56.464421,-57.346780,-61.900932,-45.820856,-51.004391,-56.832723,-59.650893,-54.483110,-64.086858,-61.648713,-55.576668,-53.871280,-47.394794,-45.855809,-56.677296,0,Fileset 1: TS pulse compressed wideband pings T2
222.000,-55.418129,-52.701016,-72.301052,-53.391693,-65.765490,-62.310796,-69.891119,-49.612398,-50.361190,-51.750266,-59.644351,-58.663917,-59.465802,-55.521168,-47.361165,-47.091502,-56.720325,-56.637991,-61.993290,-45.568763,-48.900317,-57.259577,-60.756288,-53.928553,-65.588823,-62.920530,-55.595333,-53.121370,-46.704816,-46.728445,-52.005985,0,Fileset 1: TS pulse compressed wideband pings T2
222.500,-55.610860,-52.974233,-70.526438,-53.431613,-66.248122,-62.399654,-67.704636,-49.352275,-50.579723,-51.376622,-59.582241,-58.334864,-60.304746,-56.164262,-47.703461,-47.202348,-56.745449,-56.428349,-61.162056,-45.246064,-46.957806,-56.922047,-62.233790,-53.506973,-68.496073,-63.071251,-55.411545,-51.704604,-45.813146,-48.116619,-48.802304,0,Fileset 1: TS pulse compressed wideband pings T2
223.000,-55.366950,-53.304350,-67.158190,-53.412465,-66.449090,-62.815743,-64.872809,-49.277797,-50.811255,-50.739474,-59.213093,-57.642535,-61.135847,-56.386023,-48.016550,-47.700967,-55.992090,-56.559140,-60.054532,-44.964387,-45.290615,-55.833572,-64.129672,-53.155546,-72.890511,-62.032562,-55.629969,-50.058777,-44.978419,-50.404615,-46.586713,0,Fileset 1: TS pulse compressed wideband pings T2
223.500,-54.605824,-53.075074,-63.979451,-53.213877,-65.953472,-63.018483,-62.300781,-48.806948,-50.746606,-49.583475,-58.174609,-56.378166,-61.443989,-55.923828,-47.767288,-48.367360,-54.049062,-56.280365,-58.948128,-44.359863,-43.550326,-53.873253,-65.565873,-52.480891,-74.638537,-60.378379,-56.155377,-48.071328,-43.980178,-53.603498,-44.759456,0,Fileset 1: TS pulse compressed wideband pings T2
224.000,-53.920036,-52.349056,-61.227415,-53.277148,-65.078154,-62.950952,-60.290022,-48.030727,-50.765563,-48.364451,-56.873116,-55.148727,-61.506431,-55.302659,-47.126888,-49.465348,-51.893348,-55.292680,-58.243071,-43.685711,-42.160115,-51.751607,-65.509500,-51.831771,-73.410704,-59.545303,-57.075551,-46.266175,-43.207963,-57.935649,-43.461180,0,Fileset 1: TS pulse compressed wideband pings T2
224.500,-53.287510,-51.115509,-58.664453,-53.431586,-63.777801,-62.456468,-58.387658,-46.797616,-50.728258,-47.071014,-55.358262,-54.082688,-61.157705,-54.592392,-46.043310,-50.354217,-49.995901,-53.258457,-57.530892,-42.743806,-40.986337,-49.661082,-63.463571,-51.088834,-73.813279,-59.941126,-57.163374,-44.657062,-42.502344,-58.913951,-42.315537,0,Fileset 1: TS pulse compressed wideband pings T2
225.000,-52.976704,-50.121479,-56.665637,-53.783851,-62.560101,-62.456298,-56.520131,-45.687314,-50.812399,-46.073719,-54.159080,-53.617507,-60.645818,-54.233970,-45.077777,-50.382135,-48.958898,-51.042680,-56.885074,-41.902959,-39.905760,-48.056769,-61.100504,-50.488718,-70.422899,-61.221777,-56.012532,-43.587492,-42.029362,-54.333790,-41.313033,0,Fileset 1: TS pulse compressed wideband pings T2
225.500,-53.939497,-50.887239,-56.433224,-55.182473,-62.778186,-64.875141,-55.714559,-46.189484,-51.976525,-46.494681,-54.556019,-54.903572,-61.287485,-55.363442,-45.600079,-50.576886,-50.017596,-50.379282,-57.281940,-42.539249,-39.321740,-48.067094,-60.491547,-51.023147,-65.744961,-60.793458,-55.722271,-44.103428,-42.756552,-50.337944,-41.369243,0,Fileset 1: TS pulse compressed wideband pings T2
226.000,-54.701689,-52.407125,-56.690111,-56.249450,-63.317903,-69.267423,-55.094736,-47.367257,-53.019072,-47.047918,-55.328369,-56.659451,-62.314316,-56.581322,-46.566092,-50.813842,-51.888484,-50.404272,-57.081242,-43.802059,-38.160485,-48.392637,-60.772920,-51.404534,-63.507328,-58.379043,-55.476672,-44.837209,-43.485095,-47.223676,-41.346880,0,Fileset 1: TS pulse compressed wideband pings T2
226.500,-55.928087,-55.194600,-57.820696,-57.825618,-64.729797,-74.687216,-55.793723,-49.987910,-54.886494,-48.307432,-56.968546,-59.295368,-64.652944,-58.242417,-48.674450,-52.715574,-54.758320,-51.932329,-56.938099,-46.725096,-38.032494,-49.572043,-62.636909,-52.442221,-64.219015,-57.869951,-55.208769,-46.341790,-45.093067,-46.062917,-42.176943,0,Fileset 1: TS pulse compressed wideband pings T2
227.000,-56.841131,-57.241004,-58.348213,-59.133475,-65.615573,-73.125240,-56.881337,-52.696935,-56.710030,-49.101809,-58.141655,-61.219545,-66.805862,-59.033913,-50.445396,-55.589579,-56.518970,-53.635376,-56.495839,-50.428901,-38.323180,-50.342036,-64.533006,-53.237165,-65.934521,-58.375382,-53.819587,-47.469233,-46.549537,-45.675304,-42.868060,0,Fileset 1: TS pulse compressed wideband pings T2
227.500,-57.026967,-57.114303,-57.617985,-59.655492,-65.154265,-70.518807,-57.522935,-54.394883,-57.843504,-48.815345,-58.138231,-61.620538,-67.212619,-58.414565,-50.499017,-58.493037,-56.080545,-54.239879,-55.535854,-54.535063,-38.341415,-49.999875,-65.017968,-53.209004,-65.897522,-58.826247,-51.563695,-47.596932,-47.034612,-45.098886,-42.672960,0,Fileset 1: TS pulse compressed wideband pings T2
228.000,-57.571167,-56.487411,-57.003692,-60.338032,-64.463463,-69.570843,-58.358836,-56.007028,-59.191810,-48.604497,-58.087307,-61.916687,-66.520068,-57.785981,-49.602198,-60.084618,-55.120445,-54.239235,-55.127279,-61.435514,-38.952857,-49.689548,-64.730095,-53.381762,-63.868704,-59.741457,-49.906886,-47.871101,-47.414621,-45.055629,-42.510020,0,Fileset 1: TS pulse compressed wideband pings T2
228.500,-57.728304,-55.468003,-56.082598,-60.227808,-63.008869,-68.693284,-58.155266,-57.235028,-59.769123,-47.844646,-57.349311,-61.753374,-64.561621,-56.780877,-47.542078,-58.057748,-53.603799,-52.976721,-54.507760,-78.394403,-39.222733,-48.810541,-63.317751,-52.995370,-60.897709,-59.442480,-48.157197,-47.698464,-46.899860,-44.515969,-41.571926,0,Fileset 1: TS pulse compressed wideband pings T2
229.000,-58.130861,-55.156139,-55.768693,-59.815658,-61.735009,-67.688014,-57.329313,-59.641585,-59.858990,-47.305483,-56.706082,-61.979509,-62.770610,-56.317622,-45.607696,-56.216551,-52.612399,-51.607383,-54.369344,-60.049069,-39.492477,-48.146836,-62.124039,-52.717467,-58.778420,-57.824380,-46.978582,-47.898696,-46.195904,-43.881099,-40.529557,0,Fileset 1: TS pulse compressed wideband pings T2
229.500,-58.736171,-56.111694,-56.540948,-59.374524,-61.187907,-66.442736,-56.361983,-65.430894,-59.308611,-47.327059,-56.543450,-62.859371,-61.936725,-56.735397,-44.426642,-56.154026,-52.656510,-50.796943,-54.911437,-54.388077,-39.529568,-48.043366,-61.958115,-52.781088,-58.052129,-56.001363,-46.639646,-48.833301,-45.656035,-43.296929,-39.738046,0,Fileset 1: TS pulse compressed wideband pings T2
230.000,-58.385311,-58.102416,-58.024298,-58.643761,-61.089699,-64.857225,-55.164454,-72.553981,-57.625020,-47.442328,-56.462976,-63.697800,-61.923337,-57.377755,-43.705581,-57.117057,-53.444828,-50.304704,-55.234092,-51.002126,-38.732551,-48.060019,-62.762765,-52.615495,-58.368557,-54.671650,-46.604259,-49.978443,-45.002189,-42.480240,-38.914586,0,Fileset 1: TS pulse compressed wideband pings T2
230.500,-57.614687,-61.083420,-60.208943,-58.484537,-62.012645,-63.956544,-54.624959,-62.904957,-55.958812,-48.106693,-57.019666,-64.583771,-63.491250,-58.342453,-44.063708,-57.093762,-55.576948,-50.812989,-55.219980,-49.353200,-38.247758,-48.730520,-65.515772,-52.753089,-60.280198,-54.931921,-47.180371,-51.591981,-45.134499,-42.384499,-38.877571,0,Fileset 1: TS pulse compressed wideband pings T2
231.000,-56.703051,-61.141085,-60.494234,-58.443901,-62.983978,-63.337315,-54.313273,-58.900933,-54.319975,-48.441102,-57.431453,-64.393850,-65.724541,-58.477302,-44.672014,-54.511146,-57.234388,-51.578083,-54.264518,-48.473983,-38.008029,-49.245045,-70.097183,-52.719198,-62.319632,-56.262651,-47.272200,-52.426104,-45.763505,-42.655823,-39.160103,0,Fileset 1: TS pulse compressed wideband pings T2
231.500,-56.582959,-59.301134,-59.187092,-58.842167,-63.853801,-63.464902,-54.561444,-56.931776,-53.369817,-48.634874,-57.791681,-63.525357,-67.484325,-57.981866,-45.314253,-52.754165,-56.130144,-52.428617,-53.433034,-48.374160,-38.509257,-49.677672,-77.645821,-53.106695,-62.756454,-58.755104,-47.058671,-52.328433,-47.516715,-43.684160,-40.082456,0,Fileset 1: TS pulse compressed wideband pings T2
232.000,-57.322314,-58.528625,-58.287900,-59.571423,-64.557582,-64.183298,-55.051481,-55.482728,-53.218945,-48.899320,-57.917445,-62.618703,-67.776804,-57.330036,-45.443620,-52.732557,-54.045334,-52.694207,-53.306763,-48.591178,-39.660390,-49.974025,-82.030542,-54.138205,-61.706374,-61.488939,-46.958461,-51.533115,-50.785255,-45.326873,-41.454985,0,Fileset 1: TS pulse compressed wideband pings T2
232.500,-58.352624,-59.098222,-58.438005,-60.345667,-64.988002,-64.114215,-55.022311,-54.088419,-53.624656,-49.434927,-57.622055,-62.164152,-67.678618,-57.141632,-45.040044,-53.918805,-53.031801,-52.252091,-54.061329,-48.430280,-40.953289,-50.198096,-78.781464,-55.769580,-60.516277,-62.389543,-47.266042,-50.493643,-55.972214,-46.878242,-42.681649,0,Fileset 1: TS pulse compressed wideband pings T2
233.000,-58.916435,-61.193965,-60.190687,-61.338145,-65.168835,-62.588143,-54.609321,-53.326511,-54.418759,-50.763261,-57.397079,-62.801830,-67.400884,-58.281774,-45.018987,-54.569336,-53.725445,-52.129631,-56.005446,-48.009780,-41.981282,-50.882125,-78.367231,-58.171020,-59.827495,-61.258115,-48.485796,-49.902909,-61.359526,-47.708352,-43.557632,0,Fileset 1: TS pulse compressed wideband pings T2
233.500,-57.724571,-63.765229,-63.078554,-61.833699,-64.617547,-60.347447,-53.738271,-52.786317,-54.165709,-52.307383,-56.967075,-63.940568,-65.644193,-60.260945,-45.225761,-52.532862,-55.213096,-52.279397,-57.425156,-47.026532,-41.643304,-51.430811,-77.541817,-59.517701,-59.158830,-59.299387,-50.052347,-49.280989,-58.741504,-47.097092,-43.461538,0,Fileset 1: TS pulse compressed wideband pings T2
234.000,-56.041869,-64.853872,-65.748295,-62.247259,-64.393546,-58.777353,-53.343588,-52.956472,-53.033701,-54.275666,-57.080521,-65.690703,-63.872476,-62.270667,-46.339071,-50.452348,-56.392740,-53.449090,-56.713842,-46.275912,-40.804968,-51.997648,-74.763943,-58.026765,-59.270624,-58.119443,-52.178325,-49.089380,-56.290775,-46.294350,-43.225845,0,Fileset 1: TS pulse compressed wideband pings T2
234.500,-54.377822,-62.488528,-62.946139,-62.290474,-64.448000,-57.568604,-53.303058,-53.371152,-51.267531,-55.326659,-57.565743,-66.928494,-62.655847,-60.915246,-48.133211,-49.131192,-54.653945,-55.511730,-54.532531,-45.566842,-39.737858,-51.675926,-72.881060,-54.854473,-60.111041,-57.565639,-53.085173,-48.881536,-55.428828,-45.447624,-42.722633,0,Fileset 1: TS pulse compressed wideband pings T2
235.000,-53.297337,-60.078430,-59.180538,-62.323897,-64.904752,-56.858965,-54.084537,-53.743623,-49.669986,-54.392446,-58.775006,-67.092848,-62.432596,-57.921365,-50.946149,-49.023114,-51.831732,-58.459924,-52.601647,-45.195550,-38.986460,-50.435826,-73.541300,-52.149041,-61.290247,-57.658736,-51.364798,-48.647940,-55.804799,-44.905907,-42.185693,0,Fileset 1: TS pulse compressed wideband pings T2
235.500,-53.265051,-59.254066,-56.934365,-62.749776,-65.835429,-56.955671,-56.501336,-53.305687,-48.840924,-52.554250,-61.045065,-66.081080,-63.325958,-55.674714,-54.422169,-50.848782,-50.076964,-58.500107,-51.303891,-45.511706,-39.023157,-49.007831,-71.528609,-50.537121,-59.206727,-58.316088,-48.954656,-48.321627,-54.380924,-44.952985,-41.887943,0,Fileset 1: TS pulse compressed wideband pings T2
236.000,-54.081488,-59.907499,-55.765453,-63.162092,-66.905448,-57.362797,-61.243965,-51.594814,-48.586829,-50.838945,-63.242697,-63.753378,-63.991952,-54.062355,-52.895037,-55.078562,-49.705147,-54.598513,-50.186338,-46.125008,-39.669244,-47.621916,-64.487816,-49.571336,-54.674036,-58.837460,-46.879024,-47.303494,-49.345640,-45.102699,-41.539909,0,Fileset 1: TS pulse compressed wideband pings T2
236.500,-56.648501,-62.980725,-56.258193,-63.955512,-68.889338,-57.844747,-64.688540,-50.409163,-49.633368,-50.269831,-63.090267,-61.768954,-63.804256,-53.758465,-48.069585,-55.657428,-52.357306,-52.061641,-50.198030,-47.454595,-41.856240,-47.251393,-60.078723,-49.715665,-51.757508,-59.389332,-45.867807,-46.399079,-45.605296,-45.746259,-41.957991,0,Fileset 1: TS pulse compressed wideband pings T2
237.000,-61.085987,-68.913916,-58.040407,-64.267970,-69.512126,-56.818724,-58.445398,-49.789008,-51.470035,-50.104011,-59.977743,-60.322848,-63.230615,-54.479016,-44.054294,-49.793420,-63.731117,-50.782746,-51.532174,-48.575555,-45.688343,-47.486891,-57.604939,-50.352673,-50.205505,-57.935447,-45.201232,-45.380012,-43.483719,-45.949326,-42.758222,0,Fileset 1: TS pulse compressed wideband pings T2
237.500,-64.382434,-78.941017,-61.748893,-64.263659,-67.149488,-55.438067,-54.580906,-49.982084,-54.215380,-50.258312,-57.011750,-59.943471,-64.159117,-57.341353,-41.621728,-46.763412,-54.520152,-50.810488,-56.222958,-49.505020,-51.314141,-48.732555,-56.873827,-52.121654,-50.160995,-55.014492,-45.200669,-44.739040,-43.289352,-45.360655,-44.027397,0,Fileset 1: TS pulse compressed wideband pings T2
238.000,-57.981927,-69.671997,-64.675299,-63.731248,-64.699259,-54.627431,-52.129719,-50.478701,-55.605144,-50.273994,-54.874017,-60.417307,-67.026993,-65.379377,-40.507601,-45.646181,-46.637763,-51.624087,-79.066291,-49.860048,-47.428415,-50.813774,-57.279010,-55.820155,-51.164985,-52.454728,-45.825353,-44.263667,-44.968199,-43.492727,-44.144152,0,Fileset 1: TS pulse compressed wideband pings T2
238.500,-53.221207,-63.980022,-61.506168,-62.580433,-63.424513,-54.557716,-50.245274,-51.128164,-52.955171,-50.250663,-53.624093,-61.664432,-69.735437,-64.416926,-40.613466,-45.619030,-42.697348,-52.694802,-55.082506,-49.427391,-42.460025,-53.587833,-58.232819,-64.049341,-52.692593,-50.866610,-47.215277,-43.806315,-48.692325,-41.106318,-42.080944,0,Fileset 1: TS pulse compressed wideband pings T2
239.000,-50.595009,-60.762428,-58.705365,-61.142043,-63.486326,-55.424541,-49.077774,-52.683469,-49.609342,-50.905523,-53.657861,-63.474189,-67.117092,-55.153550,-42.540497,-46.283789,-40.655551,-53.827882,-49.791871,-48.657138,-39.744760,-56.629400,-59.315117,-58.261446,-54.512578,-50.652005,-49.992432,-43.696083,-49.335757,-39.317606,-39.690412,0,Fileset 1: TS pulse compressed wideband pings T2
239.500,-49.397907,-59.118297,-57.299828,-59.341828,-63.631390,-56.750472,-48.451408,-55.421084,-47.021729,-52.296119,-54.895835,-61.755841,-64.473675,-50.932768,-47.259166,-46.404083,-39.683902,-54.495367,-47.547630,-47.725982,-38.245029,-56.417362,-59.336523,-51.700831,-56.270741,-51.732398,-53.673559,-43.764439,-43.661883,-38.200315,-37.801254,0,Fileset 1: TS pulse compressed wideband pings T2
240.000,-49.986955,-59.315415,-56.758569,-57.800067,-61.844992,-58.692875,-48.748260,-56.863189,-45.668461,-54.591156,-57.529412,-57.192209,-63.966524,-48.976687,-55.628546,-45.756476,-39.947632,-55.102602,-47.255021,-47.318595,-37.910966,-53.467121,-58.221860,-48.513309,-58.268113,-54.969774,-53.397819,-44.325852,-39.763670,-38.197834,-36.967122,0,Fileset 1: TS pulse compressed wideband pings T2
240.500,-53.410919,-61.831471,-56.523257,-57.202176,-58.813064,-62.196936,-50.271072,-53.421941,-45.953905,-56.464698,-58.838387,-54.040893,-64.551026,-49.017895,-46.699350,-45.389373,-41.946234,-56.225475,-48.684602,-47.944894,-38.974182,-51.374746,-57.208340,-47.347884,-57.701892,-62.291322,-49.777139,-45.502870,-37.871128,-39.865396,-37.645050,0,Fileset 1: TS pulse compressed wideband pings T2
241.000,-61.649170,-65.470575,-56.303090,-57.489593,-56.310522,-70.022302,-52.104924,-50.778642,-47.755172,-55.875909,-56.360820,-52.470213,-63.382004,-50.563940,-42.798588,-45.822741,-45.995534,-57.920140,-50.564139,-49.020293,-41.167652,-50.356930,-57.165699,-47.191337,-54.469679,-63.676181,-47.295327,-46.384725,-37.204187,-43.393148,-39.730327,0,Fileset 1: TS pulse compressed wideband pings T2
241.500,-57.434168,-64.427757,-56.518651,-58.433215,-54.564150,-71.341556,-52.273194,-49.667611,-51.304715,-54.485972,-53.993432,-51.950193,-61.427470,-53.134166,-41.300659,-47.162963,-54.469563,-60.767008,-51.263333,-49.084076,-44.394518,-49.739377,-58.633708,-47.357348,-52.065698,-58.064579,-45.731531,-46.147657,-37.195975,-49.209383,-43.417266,0,Fileset 1: TS pulse compressed wideband pings T2
242.000,-51.346029,-60.879172,-58.034019,-60.440598,-53.961559,-62.430117,-50.941191,-50.100989,-59.821192,-53.946365,-52.894618,-52.694391,-61.091450,-57.301884,-41.257197,-50.067878,-56.868062,-66.722773,-51.537666,-47.663228,-49.586318,-49.536173,-63.385998,-48.299868,-51.341103,-55.961991,-45.235064,-45.529129,-38.168696,-48.345823,-51.223881,0,Fileset 1: TS pulse compressed wideband pings T2
242.500,-48.702642,-58.269329,-60.771642,-63.185030,-54.374195,-59.302866,-49.754978,-51.740793,-61.124529,-54.389867,-52.723745,-54.538487,-62.845234,-66.293212,-41.863877,-53.089306,-48.132815,-65.324121,-52.365223,-45.665082,-53.585042,-49.671301,-72.996659,-50.355594,-52.087739,-55.325369,-45.616810,-45.063692,-40.118190,-42.918762,-53.910122,0,Fileset 1: TS pulse compressed wideband pings T2
243.000,-47.849523,-56.704325,-63.989034,-64.513569,-55.618993,-58.697478,-49.513450,-54.140068,-52.423292,-55.898076,-53.298913,-57.309217,-66.792882,-65.195498,-42.554257,-51.168246,-44.848639,-59.695690,-53.819032,-44.001824,-49.735308,-50.411544,-63.288981,-54.179722,-54.287606,-54.973430,-46.638257,-44.994808,-43.137269,-40.079582,-46.121103,0,Fileset 1: TS pulse compressed wideband pings T2
243.500,-48.330856,-56.144567,-66.477186,-61.994645,-57.428085,-60.099662,-50.411786,-55.814078,-49.039147,-58.737770,-54.653883,-60.419827,-69.769869,-55.718742,-43.319137,-47.986748,-43.399556,-57.031348,-55.403192,-42.919620,-46.400419,-52.100851,-58.760718,-62.226940,-58.423911,-54.341499,-47.990530,-45.407374,-47.238612,-38.863203,-43.170439,0,Fileset 1: TS pulse compressed wideband pings T2
244.000,-50.161945,-56.637018,-68.144259,-58.645970,-59.288810,-64.035866,-52.614875,-54.778727,-47.629322,-63.460417,-56.931984,-61.486464,-67.070333,-51.667910,-44.724405,-46.064794,-42.948478,-55.853451,-56.654422,-42.438284,-44.004167,-54.865025,-56.720062,-66.544925,-64.799641,-53.565859,-49.378421,-46.347780,-49.065255,-38.754940,-42.361135,0,Fileset 1: TS pulse compressed wideband pings T2
244.500,-53.815272,-58.307808,-69.629792,-56.094439,-60.273835,-71.389502,-56.443658,-52.612801,-47.430049,-69.830115,-60.234517,-59.416042,-65.230593,-49.828640,-47.535368,-45.309133,-43.153270,-55.274625,-57.880756,-42.535718,-42.088012,-57.211924,-55.788056,-56.524135,-61.730799,-53.088090,-50.555540,-47.816802,-45.352099,-39.503109,-43.130898,0,Fileset 1: TS pulse compressed wideband pings T2
245.000,-61.143594,-61.100863,-71.262351,-54.451727,-59.703295,-66.705186,-61.911958,-51.028730,-48.070213,-70.127869,-63.696845,-56.873832,-65.452774,-49.600861,-50.866678,-45.552416,-43.793185,-54.908926,-60.343166,-43.151893,-40.781930,-56.135998,-55.398239,-52.707224,-56.956344,-53.193094,-50.853948,-49.631119,-41.919381,-40.919654,-45.481826,0,Fileset 1: TS pulse compressed wideband pings T2
245.500,-77.403948,-62.392299,-74.358129,-53.617050,-58.154366,-62.315136,-63.634592,-50.442493,-49.155582,-69.463144,-63.373741,-54.964244,-67.490221,-50.910102,-48.059962,-46.449117,-44.642020,-54.951733,-67.351312,-44.132001,-40.352074,-54.420136,-55.326857,-51.086050,-54.455405,-53.761546,-49.347941,-51.163651,-39.795654,-42.787207,-49.077222,0,Fileset 1: TS pulse compressed wideband pings T2
246.000,-62.001738,-59.307931,-78.380633,-53.432768,-56.590388,-61.013518,-60.274376,-51.023459,-50.247923,-69.850520,-60.049049,-53.861273,-70.523234,-53.856096,-44.397786,-46.684270,-45.429045,-55.842559,-68.378419,-45.191756,-40.965493,-54.217709,-55.611605,-51.009096,-53.248535,-54.045061,-46.877209,-51.643495,-38.776100,-44.841324,-49.743087,0,Fileset 1: TS pulse compressed wideband pings T2
246.500,-59.364174,-56.493371,-70.613473,-54.054010,-55.902512,-61.948513,-57.430757,-53.425089,-51.607836,-64.560258,-57.416832,-53.968126,-72.233209,-57.964499,-43.245476,-45.413480,-46.253729,-58.022706,-58.800090,-46.384596,-42.915196,-56.246491,-56.789780,-52.794888,-53.291974,-53.724088,-45.145788,-51.667220,-39.087052,-46.860496,-47.372879,0,Fileset 1: TS pulse compressed wideband pings T2
247.000,-58.442475,-54.827462,-64.927089,-54.913186,-55.903484,-63.721749,-55.166284,-57.957242,-53.162858,-59.616861,-55.663876,-54.847183,-72.734859,-58.041644,-44.132747,-43.655568,-46.604007,-59.468121,-55.090583,-47.147199,-44.973173,-60.538799,-58.575809,-56.407382,-54.155248,-53.023463,-44.231218,-51.579737,-40.281389,-46.957990,-46.098899,0,Fileset 1: TS pulse compressed wideband pings T2
247.500,-56.781029,-53.497562,-60.920724,-55.370651,-56.035440,-64.119667,-53.271023,-65.578522,-54.218998,-56.023137,-54.193876,-55.572845,-75.343326,-54.985616,-46.856321,-42.062346,-45.973724,-57.512628,-53.137784,-46.798322,-44.809661,-67.294982,-60.003031,-62.454871,-55.367092,-52.200707,-43.582960,-50.984514,-41.648913,-44.491550,-45.787511,0,Fileset 1: TS pulse compressed wideband pings T2
248.000,-55.052819,-52.667395,-58.176081,-56.006946,-56.710967,-63.276191,-52.485140,-65.647603,-53.634921,-53.744301,-53.382119,-55.817965,-90.705185,-52.514058,-53.963110,-41.416800,-45.066977,-55.086314,-52.791441,-45.839639,-43.325291,-68.776885,-60.297715,-67.087763,-57.356804,-52.034979,-43.619930,-50.198342,-43.075052,-41.880833,-46.547718,0,Fileset 1: TS pulse compressed wideband pings T2
248.500,-53.893982,-51.885747,-56.248559,-56.728286,-57.544577,-62.329395,-52.796120,-61.615643,-50.658915,-52.368434,-52.892340,-54.848633,-71.338246,-50.468046,-52.913463,-41.689584,-43.962986,-53.693138,-54.018189,-44.430779,-42.005416,-63.537709,-58.790530,-59.470943,-58.404199,-52.356105,-44.082357,-49.083860,-42.905274,-39.910419,-46.998020,0,Fileset 1: TS pulse compressed wideband pings T2
249.000,-53.712113,-50.930242,-55.037667,-57.128206,-57.926157,-61.654403,-53.956435,-62.548348,-47.424666,-51.797469,-52.358016,-53.225591,-63.619054,-48.828307,-45.704389,-43.028056,-42.797686,-53.622810,-57.356314,-43.023915,-41.286852,-58.898076,-56.656168,-55.009143,-56.122406,-52.902771,-44.673390,-47.992817,-40.954833,-38.807044,-45.304587,0,Fileset 1: TS pulse compressed wideband pings T2
249.500,-54.945308,-50.358388,-54.908018,-56.872765,-57.783010,-61.240180,-54.475800,-74.306994,-45.507269,-52.508210,-51.884778,-52.200154,-59.351000,-48.372182,-43.237964,-46.066779,-42.148164,-55.479017,-59.686870,-42.496531,-41.465881,-55.023060,-55.001384,-52.612626,-53.428483,-53.732197,-45.408131,-47.868767,-39.388595,-39.166583,-43.158583,0,Fileset 1: TS pulse compressed wideband pings T2
250.000,-55.723872,-49.978669,-54.822082,-55.528625,-57.014265,-60.246996,-52.176955,-63.939543,-44.597185,-53.986469,-51.010344,-51.583687,-56.590480,-48.904351,-43.272323,-49.731082,-41.576750,-58.491011,-54.742551,-42.596385,-41.737559,-52.020525,-53.277462,-51.075657,-51.603442,-53.918525,-45.553683,-48.510981,-38.534418,-40.499778,-41.721372,0,Fileset 1: TS pulse compressed wideband pings T2
250.500,-54.528502,-50.316955,-53.881548,-54.282105,-56.686279,-59.219345,-49.801184,-57.263171,-44.894926,-56.351564,-50.426853,-51.704250,-55.164131,-50.699740,-46.018393,-51.718876,-41.361559,-60.293493,-51.670483,-43.670334,-42.322549,-50.107005,-51.756312,-50.473969,-51.117035,-53.348189,-45.622146,-50.149817,-38.750256,-42.485116,-41.555812,0,Fileset 1: TS pulse compressed wideband pings T2
251.000,-52.937077,-51.328206,-51.693420,-53.506951,-57.111131,-58.294755,-48.309708,-54.689851,-46.056357,-58.885025,-50.356605,-52.387044,-54.694835,-52.579508,-53.029389,-52.245043,-41.345894,-57.737234,-50.674468,-45.497299,-43.210068,-48.599222,-50.497368,-50.596132,-51.847831,-51.832056,-45.731730,-51.977491,-39.801385,-43.012603,-42.374421,0,Fileset 1: TS pulse compressed wideband pings T2
251.500,-52.063164,-52.634574,-49.025261,-53.019024,-58.194620,-57.215718,-47.283089,-53.220660,-47.340922,-59.391984,-50.650382,-53.114576,-54.607232,-52.027433,-57.925935,-52.798981,-41.197250,-53.190929,-50.736986,-47.449511,-43.529199,-46.671520,-49.373162,-50.874079,-53.637714,-49.679508,-45.640058,-52.523580,-41.293383,-41.218187,-43.687757,0,Fileset 1: TS pulse compressed wideband pings T2
252.000,-52.167589,-54.228211,-46.915219,-53.188958,-60.355528,-56.310428,-46.827996,-51.597645,-48.158653,-56.940190,-51.647048,-53.709399,-54.650547,-50.250005,-49.231811,-50.517317,-41.196545,-48.951674,-51.552398,-48.985871,-42.134207,-44.622962,-48.794929,-50.653808,-57.204023,-47.859201,-45.785605,-52.410380,-43.458612,-39.350784,-45.735529,0,Fileset 1: TS pulse compressed wideband pings T2
252.500,-52.000332,-55.214378,-45.439620,-53.916046,-62.716605,-55.386670,-46.589512,-49.010500,-47.319470,-53.410220,-52.986930,-53.602235,-53.742101,-48.959866,-46.142448,-46.119577,-41.076249,-45.522617,-52.496904,-48.288233,-39.332335,-42.626123,-48.608890,-48.725862,-62.538832,-46.502079,-46.306384,-53.048717,-45.526907,-38.084923,-48.154848,0,Fileset 1: TS pulse compressed wideband pings T2
253.000,-50.214494,-55.099848,-44.778525,-55.298264,-62.472472,-54.372732,-46.308770,-46.206811,-45.177439,-50.118855,-54.043249,-53.167134,-51.843916,-48.629921,-45.188187,-42.826184,-40.727543,-43.151990,-53.873197,-45.039763,-36.821173,-41.063388,-48.785724,-46.090309,-63.287963,-45.751475,-47.548514,-55.117911,-45.539122,-37.585679,-49.031185,0,Fileset 1: TS pulse compressed wideband pings T2
253.500,-47.954625,-54.494351,-45.435212,-57.524094,-60.403617,-53.487998,-45.829265,-44.210018,-43.126691,-47.675329,-53.960477,-53.236501,-50.272245,-49.627512,-45.416016,-41.356430,-40.404393,-42.304605,-55.406740,-41.450866,-35.628143,-40.547205,-49.452798,-44.398474,-59.595891,-45.961760,-48.913251,-53.096129,-43.533667,-38.222474,-46.281872,0,Fileset 1: TS pulse compressed wideband pings T2
254.000,-46.170052,-53.169047,-47.049871,-59.274933,-58.548766,-52.347045,-44.534989,-42.703935,-41.318087,-45.715281,-51.884296,-53.295557,-49.265746,-51.435282,-45.653790,-41.130827,-39.767885,-42.642970,-52.104086,-38.308417,-35.535904,-40.858971,-49.806838,-43.723890,-56.350785,-46.518074,-46.914324,-47.323484,-41.278152,-39.550909,-42.660004,0,Fileset 1: TS pulse compressed wideband pings T2
254.500,-46.131031,-52.069099,-49.773435,-59.721355,-57.787364,-51.955486,-43.774746,-42.142310,-40.734338,-45.052225,-49.744618,-53.950502,-49.731111,-53.896204,-47.109581,-42.585255,-39.842149,-44.683651,-48.523163,-36.721729,-37.416451,-42.898593,-50.346874,-45.010271,-54.337572,-47.627397,-44.407245,-44.141871,-40.522908,-42.253634,-40.728710,0,Fileset 1: TS pulse compressed wideband pings T2
255.000,-47.199223,-50.995007,-50.497865,-57.791482,-57.119898,-51.735351,-43.426015,-41.317676,-40.687638,-44.943501,-47.902751,-54.934618,-50.755629,-53.451097,-50.356514,-44.234452,-40.095903,-45.893064,-46.721421,-35.959134,-40.276645,-45.718984,-50.362778,-47.554716,-53.357886,-47.836950,-43.084493,-42.619506,-40.809663,-45.098928,-39.977711,0,Fileset 1: TS pulse compressed wideband pings T2
255.500,-49.046213,-50.156252,-48.605200,-54.817761,-56.559346,-51.459503,-43.573128,-39.999442,-40.968976,-45.182041,-46.534591,-56.493701,-51.895763,-50.818176,-56.237275,-45.156486,-40.421162,-44.423665,-46.361030,-35.758836,-41.912743,-47.879591,-49.973620,-50.665645,-53.690219,-47.040280,-43.014431,-42.067416,-42.212614,-45.800831,-40.238494,0,Fileset 1: TS pulse compressed wideband pings T2
256.000,-50.744091,-49.891133,-46.532826,-52.294288,-56.676779,-51.230711,-44.597247,-38.843272,-41.722799,-46.071308,-45.889523,-57.856464,-53.153915,-48.855539,-52.898089,-45.872663,-41.111224,-42.636778,-47.504233,-36.353599,-40.347487,-47.973519,-49.890762,-51.704550,-56.304330,-46.214527,-44.524819,-42.355626,-45.642499,-43.720363,-41.684129,0,Fileset 1: TS pulse compressed wideband pings T2
256.500,-49.698707,-49.887395,-44.861131,-50.425451,-57.373446,-50.713235,-46.325515,-38.019356,-42.406809,-47.554396,-45.626924,-56.835839,-53.688181,-47.980747,-47.685759,-46.775905,-42.029697,-41.702716,-49.957443,-37.573543,-38.059670,-47.017547,-50.301875,-49.736813,-63.171632,-45.711002,-47.544079,-42.839030,-53.422263,-41.428154,-43.097947,0,Fileset 1: TS pulse compressed wideband pings T2
257.000,-47.324037,-49.887749,-43.778087,-49.271961,-58.426672,-49.947608,-48.194866,-37.756910,-42.612338,-49.877251,-45.547529,-55.087816,-52.734442,-48.443981,-45.461389,-47.222102,-43.208643,-41.931282,-53.242484,-39.409989,-36.638650,-46.713834,-51.423470,-48.256493,-59.602088,-45.871369,-49.574322,-42.962901,-57.049668,-40.175180,-41.973676,0,Fileset 1: TS pulse compressed wideband pings T2
257.500,-45.925984,-49.710840,-43.579598,-48.895241,-59.298210,-49.306738,-48.535513,-38.322120,-42.667599,-53.280261,-45.581255,-54.512385,-51.176184,-50.803550,-45.749185,-45.705687,-44.337404,-43.646980,-53.814656,-41.663048,-36.453309,-47.980730,-53.328691,-48.423359,-53.010606,-47.090452,-46.595203,-42.722001,-48.300041,-40.378236,-39.554547,0,Fileset 1: TS pulse compressed wideband pings T2
258.000,-45.851742,-49.060771,-44.125145,-48.799830,-59.095786,-48.795214,-47.174621,-39.424071,-43.009848,-55.714546,-45.374050,-55.082105,-49.965287,-54.804149,-48.358143,-43.349589,-44.016755,-46.554775,-51.533152,-43.213964,-37.349922,-51.356567,-55.050199,-50.097641,-50.402525,-49.122477,-43.858567,-42.464213,-45.650592,-42.002673,-37.842732,0,Fileset 1: TS pulse compressed wideband pings T2
258.500,-48.151615,-48.840622,-45.854042,-49.182711,-58.608547,-49.118150,-46.628579,-41.338218,-44.634312,-54.624905,-45.577044,-57.313001,-50.088932,-55.408167,-51.720045,-42.541839,-42.891141,-49.431593,-50.684786,-44.292887,-40.250143,-58.030772,-55.588562,-54.288988,-50.945833,-51.323953,-43.308662,-43.412682,-46.238449,-45.856840,-37.881657,0,Fileset 1: TS pulse compressed wideband pings T2
259.000,-54.275211,-48.974453,-47.238117,-49.391169,-57.989417,-49.865090,-47.142961,-43.227455,-46.741336,-52.708605,-45.944862,-61.401304,-51.178587,-52.556067,-48.932449,-43.297610,-41.764485,-48.959618,-51.175070,-45.247823,-46.160969,-55.141452,-54.400343,-64.026429,-54.127656,-50.869225,-44.112782,-45.525068,-49.693557,-48.832072,-39.410516,0,Fileset 1: TS pulse compressed wideband pings T2
259.500,-65.866648,-49.494273,-46.252460,-49.408524,-57.559496,-50.732135,-48.586024,-44.901649,-46.907398,-51.654415,-46.452396,-71.124596,-53.175012,-51.547415,-46.224415,-45.213001,-41.119696,-47.707415,-52.736221,-46.481069,-50.873388,-50.316308,-53.174419,-58.403940,-58.223393,-49.157803,-45.715030,-48.909352,-59.937447,-45.766512,-42.722079,0,Fileset 1: TS pulse compressed wideband pings T2
260.000,-51.382862,-50.391886,-44.171018,-49.534513,-57.655264,-51.273920,-50.440757,-46.941187,-44.659881,-51.501856,-47.014116,-69.056915,-56.203824,-52.526633,-45.279478,-46.119521,-41.200718,-47.473677,-56.132194,-47.479892,-42.650239,-47.891164,-52.931945,-51.476943,-55.562091,-48.244747,-47.851929,-53.664061,-56.884726,-43.322086,-48.132331,0,Fileset 1: TS pulse compressed wideband pings T2
