Region_ID,Region_name,Region_class,Process_ID,Ping_date,Ping_time,Target_range,TS_comp,TS_uncomp,Angle_minor_axis,Angle_major_axis,Distance_minor_axis,Distance_major_axis,PulseLengthDeterminationLevel,Samples_above_PLDL,StandDev_Angles_Minor_Axis,StandDev_Angles_Major_Axis,PulseLength_Normalized_6dB,PulseLength_Normalized_12dB,PulseLength_Normalized_18dB,PulseLength_Normalized_PLDL,Pulse_Start_Normalized_6dB,Pulse_Start_Normalized_12dB,Pulse_Start_Normalized_18dB,Pulse_Start_Normalized_PLDL,Target_on_axis_depth,Pulse_duration,Target_true_depth,Target_latitude,Target_longitude,Target_northing,Target_easting,Target_length,Target_length_manual,Target_perimeter,Target_area,Target_thickness,Target_compactness,Target_intensity_variation,Ping_number,Target_length_across_beams,Target_range_extent,Target_class,Target_orientation,Target_perimeter_edge_midpoints,Target_compactness_edge_midpoints,Target_area_edge_midpoints
2,"Region 2","070kHz_FishTracks",342,20220728, 22:45:41.2640,12.115296,-44.332098,-47.568875,-1.4404,2.1864,-0.304312,0.462057,6.000000,2,0.015820,0.052816,0.636689,1.273378,1.273378,0.636689,0.000000,-0.636689,-0.636689,0.000000,12.115296,0.512000,12.102656,-9.9e+37,-9.9e+37,-9.9e+37,-9.9e+37,-9.9e+37,-9.9e+37,-9.9e+37,-9.9e+37,-9.9e+37,-9.9e+37,-9.9e+37,4628,-9.9e+37,-9.9e+37,"Unclassified targets",-9.9e+37,-9.9e+37,-9.9e+37,-9.9e+37
2,"Region 2","070kHz_FishTracks",342,20220728, 22:45:41.4640,12.115296,-44.375719,-47.173576,-1.4759,1.93,-0.311873,0.407890,6.000000,2,0.139949,0.132866,0.636689,1.273378,3.820135,0.636689,-0.636689,-0.636689,-1.273378,-0.636689,12.115296,0.512000,12.104411,-9.9e+37,-9.9e+37,-9.9e+37,-9.9e+37,-9.9e+37,-9.9e+37,-9.9e+37,-9.9e+37,-9.9e+37,-9.9e+37,-9.9e+37,4629,-9.9e+37,-9.9e+37,"Unclassified targets",-9.9e+37,-9.9e+37,-9.9e+37,-9.9e+37
2,"Region 2","070kHz_FishTracks",342,20220728, 22:45:41.6650,12.127002,-45.246825,-47.402525,-0.79621,1.9748,-0.168417,0.417863,6.000000,2,0.013723,0.023711,0.636689,0.636689,5.093514,0.636689,-0.636689,-0.636689,-0.636689,-0.636689,12.127002,0.512000,12.118630,-9.9e+37,-9.9e+37,-9.9e+37,-9.9e+37,-9.9e+37,-9.9e+37,-9.9e+37,-9.9e+37,-9.9e+37,-9.9e+37,-9.9e+37,4630,-9.9e+37,-9.9e+37,"Unclassified targets",-9.9e+37,-9.9e+37,-9.9e+37,-9.9e+37
2,"Region 2","070kHz_FishTracks",342,20220728, 22:45:41.8620,12.138707,-44.530442,-47.417909,0.12401,2.4583,0.026248,0.520651,6.000000,2,0.013278,0.063924,0.636689,1.273378,3.820135,0.636689,0.000000,-0.636689,-1.273378,0.000000,12.138707,0.512000,12.127508,-9.9e+37,-9.9e+37,-9.9e+37,-9.9e+37,-9.9e+37,-9.9e+37,-9.9e+37,-9.9e+37,-9.9e+37,-9.9e+37,-9.9e+37,4631,-9.9e+37,-9.9e+37,"Unclassified targets",-9.9e+37,-9.9e+37,-9.9e+37,-9.9e+37
2,"Region 2","070kHz_FishTracks",342,20220728, 22:45:42.8640,12.138707,-47.500800,-49.763995,0.26375,2.1635,0.055838,0.458238,6.000000,2,0.005231,0.082479,0.636689,1.273378,7.640271,0.636689,-0.636689,-1.273378,-5.093514,-0.636689,12.138707,0.512000,12.129926,-9.9e+37,-9.9e+37,-9.9e+37,-9.9e+37,-9.9e+37,-9.9e+37,-9.9e+37,-9.9e+37,-9.9e+37,-9.9e+37,-9.9e+37,4636,-9.9e+37,-9.9e+37,"Unclassified targets",-9.9e+37,-9.9e+37,-9.9e+37,-9.9e+37
2,"Region 2","070kHz_FishTracks",342,20220728, 22:45:43.0640,12.127002,-46.417586,-47.461052,0.40419,1.4227,0.085522,0.301091,6.000000,2,0.064277,0.001322,0.636689,2.546757,7.640271,0.636689,0.000000,-1.910068,-5.093514,0.000000,12.127002,0.512000,12.122962,-9.9e+37,-9.9e+37,-9.9e+37,-9.9e+37,-9.9e+37,-9.9e+37,-9.9e+37,-9.9e+37,-9.9e+37,-9.9e+37,-9.9e+37,4637,-9.9e+37,-9.9e+37,"Unclassified targets",-9.9e+37,-9.9e+37,-9.9e+37,-9.9e+37
2,"Region 2","070kHz_FishTracks",342,20220728, 22:45:43.2640,12.127002,-48.979788,-49.439373,0.48797,0.84801,0.103269,0.179473,6.000000,2,0.016001,0.051843,0.636689,2.546757,7.640271,0.636689,0.000000,-0.636689,-4.456825,0.000000,12.127002,0.512000,12.125234,-9.9e+37,-9.9e+37,-9.9e+37,-9.9e+37,-9.9e+37,-9.9e+37,-9.9e+37,-9.9e+37,-9.9e+37,-9.9e+37,-9.9e+37,4638,-9.9e+37,-9.9e+37,"Unclassified targets",-9.9e+37,-9.9e+37,-9.9e+37,-9.9e+37
2,"Region 2","070kHz_FishTracks",342,20220728, 22:45:43.4640,12.150413,-55.675181,-55.925959,0.62338,0.35034,0.132192,0.074291,6.000000,3,0.122005,0.109122,1.273378,5.730203,7.003581,1.273378,-0.636689,-4.456825,-5.730203,-0.636689,12.150413,0.512000,12.149467,-9.9e+37,-9.9e+37,-9.9e+37,-9.9e+37,-9.9e+37,-9.9e+37,-9.9e+37,-9.9e+37,-9.9e+37,-9.9e+37,-9.9e+37,4639,-9.9e+37,-9.9e+37,"Unclassified targets",-9.9e+37,-9.9e+37,-9.9e+37,-9.9e+37
2,"Region 2","070kHz_FishTracks",342,20220728, 22:45:43.6640,12.150413,-48.581416,-49.027556,0.76484,0.57494,0.162183,0.121911,6.000000,3,0.001547,0.036049,1.273378,1.273378,5.730203,1.273378,-0.636689,-0.636689,-4.456825,-0.636689,12.150413,0.512000,12.148719,-9.9e+37,-9.9e+37,-9.9e+37,-9.9e+37,-9.9e+37,-9.9e+37,-9.9e+37,-9.9e+37,-9.9e+37,-9.9e+37,-9.9e+37,4640,-9.9e+37,-9.9e+37,"Unclassified targets",-9.9e+37,-9.9e+37,-9.9e+37,-9.9e+37
2,"Region 2","070kHz_FishTracks",342,20220728, 22:45:43.8640,12.162118,-48.293396,-49.780797,1.1367,1.3459,0.241210,0.285619,6.000000,3,0.025081,0.048800,1.273378,1.910068,2.546757,1.273378,-0.636689,-0.636689,-0.636689,-0.636689,12.162118,0.512000,12.156371,-9.9e+37,-9.9e+37,-9.9e+37,-9.9e+37,-9.9e+37,-9.9e+37,-9.9e+37,-9.9e+37,-9.9e+37,-9.9e+37,-9.9e+37,4641,-9.9e+37,-9.9e+37,"Unclassified targets",-9.9e+37,-9.9e+37,-9.9e+37,-9.9e+37
2,"Region 2","070kHz_FishTracks",342,20220728, 22:45:45.0640,12.103590,-49.532374,-50.318408,0.88957,-0.91433,0.187887,-0.193119,6.000000,3,0.079672,0.065930,1.273378,3.183446,3.820135,1.273378,-0.636689,-2.546757,-2.546757,-0.636689,12.103590,0.512000,12.100591,-9.9e+37,-9.9e+37,-9.9e+37,-9.9e+37,-9.9e+37,-9.9e+37,-9.9e+37,-9.9e+37,-9.9e+37,-9.9e+37,-9.9e+37,4647,-9.9e+37,-9.9e+37,"Unclassified targets",-9.9e+37,-9.9e+37,-9.9e+37,-9.9e+37
2,"Region 2","070kHz_FishTracks",342,20220728, 22:45:45.2640,12.091885,-51.947965,-54.183297,0.96267,-1.9437,0.203039,-0.410061,6.000000,2,0.090107,0.045282,0.636689,1.273378,3.820135,0.636689,-0.636689,-0.636689,-0.636689,-0.636689,12.091885,0.512000,12.083224,-9.9e+37,-9.9e+37,-9.9e+37,-9.9e+37,-9.9e+37,-9.9e+37,-9.9e+37,-9.9e+37,-9.9e+37,-9.9e+37,-9.9e+37,4648,-9.9e+37,-9.9e+37,"Unclassified targets",-9.9e+37,-9.9e+37,-9.9e+37,-9.9e+37
2,"Region 2","070kHz_FishTracks",342,20220728, 22:45:45.4640,12.021651,-54.625805,-55.978017,1.1021,-1.266,0.231169,-0.265554,6.000000,2,0.079675,0.013518,0.636689,5.093514,7.003581,0.636689,0.000000,0.000000,-1.273378,0.000000,12.021651,0.512000,12.016494,-9.9e+37,-9.9e+37,-9.9e+37,-9.9e+37,-9.9e+37,-9.9e+37,-9.9e+37,-9.9e+37,-9.9e+37,-9.9e+37,-9.9e+37,4649,-9.9e+37,-9.9e+37,"Unclassified targets",-9.9e+37,-9.9e+37,-9.9e+37,-9.9e+37
2,"Region 2","070kHz_FishTracks",342,20220728, 22:45:45.6640,12.091885,-49.994278,-52.854297,2.2082,1.0012,0.465831,0.211124,6.000000,3,0.046453,0.096654,1.273378,5.093514,7.003581,1.273378,-0.636689,-3.820135,-5.093514,-0.636689,12.091885,0.512000,12.081064,-9.9e+37,-9.9e+37,-9.9e+37,-9.9e+37,-9.9e+37,-9.9e+37,-9.9e+37,-9.9e+37,-9.9e+37,-9.9e+37,-9.9e+37,4650,-9.9e+37,-9.9e+37,"Unclassified targets",-9.9e+37,-9.9e+37,-9.9e+37,-9.9e+37
2,"Region 2","070kHz_FishTracks",342,20220728, 22:45:46.6640,11.998240,-56.767804,-58.718574,1.9681,0.26263,0.412045,0.054964,6.000000,2,0.003300,0.011179,0.636689,7.003581,8.913649,0.636689,0.000000,-0.636689,-1.273378,0.000000,11.998240,0.512000,11.991037,-9.9e+37,-9.9e+37,-9.9e+37,-9.9e+37,-9.9e+37,-9.9e+37,-9.9e+37,-9.9e+37,-9.9e+37,-9.9e+37,-9.9e+37,4655,-9.9e+37,-9.9e+37,"Unclassified targets",-9.9e+37,-9.9e+37,-9.9e+37,-9.9e+37
2,"Region 2","070kHz_FishTracks",342,20220728, 22:45:46.8630,12.068474,-47.717879,-50.168885,1.8583,-1.2786,0.391266,-0.269144,6.000000,2,0.057333,0.028045,0.636689,1.273378,3.183446,0.636689,-0.636689,-0.636689,-2.546757,-0.636689,12.068474,0.512000,12.059126,-9.9e+37,-9.9e+37,-9.9e+37,-9.9e+37,-9.9e+37,-9.9e+37,-9.9e+37,-9.9e+37,-9.9e+37,-9.9e+37,-9.9e+37,4656,-9.9e+37,-9.9e+37,"Unclassified targets",-9.9e+37,-9.9e+37,-9.9e+37,-9.9e+37
2,"Region 2","070kHz_FishTracks",342,20220728, 22:45:47.0640,12.056768,-48.099631,-51.593671,2.1111,-1.699,0.443940,-0.357234,6.000000,2,0.069513,0.054272,0.636689,1.273378,3.820135,0.636689,0.000000,-0.636689,-3.183446,0.000000,12.056768,0.512000,12.043295,-9.9e+37,-9.9e+37,-9.9e+37,-9.9e+37,-9.9e+37,-9.9e+37,-9.9e+37,-9.9e+37,-9.9e+37,-9.9e+37,-9.9e+37,4657,-9.9e+37,-9.9e+37,"Unclassified targets",-9.9e+37,-9.9e+37,-9.9e+37,-9.9e+37
2,"Region 2","070kHz_FishTracks",342,20220728, 22:45:47.2740,12.056768,-51.816226,-55.327447,2.6115,-0.55309,0.549312,-0.116263,6.000000,2,0.020061,0.053342,0.636689,2.546757,5.093514,0.636689,-0.636689,-0.636689,-3.183446,-0.636689,12.056768,0.512000,12.043687,-9.9e+37,-9.9e+37,-9.9e+37,-9.9e+37,-9.9e+37,-9.9e+37,-9.9e+37,-9.9e+37,-9.9e+37,-9.9e+37,-9.9e+37,4658,-9.9e+37,-9.9e+37,"Unclassified targets",-9.9e+37,-9.9e+37,-9.9e+37,-9.9e+37
3,"Region 3","070kHz_FishTracks",342,20220728, 22:50:12.7640,11.412960,-39.989457,-42.565751,0.84243,-2.1718,0.167680,-0.432452,6.000000,2,0.022972,0.001230,0.636689,2.546757,4.456825,0.636689,0.000000,-0.636689,-1.273378,0.000000,11.412960,0.512000,11.403531,-9.9e+37,-9.9e+37,-9.9e+37,-9.9e+37,-9.9e+37,-9.9e+37,-9.9e+37,-9.9e+37,-9.9e+37,-9.9e+37,-9.9e+37,5984,-9.9e+37,-9.9e+37,"Unclassified targets",-9.9e+37,-9.9e+37,-9.9e+37,-9.9e+37
3,"Region 3","070kHz_FishTracks",342,20220728, 22:50:12.9620,11.436371,-43.130065,-45.243950,0.80006,-1.9507,0.159596,-0.389256,6.000000,3,0.206579,0.083389,1.273378,1.910068,3.183446,1.273378,-0.636689,-0.636689,-0.636689,-0.636689,11.436371,0.512000,11.428630,-9.9e+37,-9.9e+37,-9.9e+37,-9.9e+37,-9.9e+37,-9.9e+37,-9.9e+37,-9.9e+37,-9.9e+37,-9.9e+37,-9.9e+37,5985,-9.9e+37,-9.9e+37,"Unclassified targets",-9.9e+37,-9.9e+37,-9.9e+37,-9.9e+37
3,"Region 3","070kHz_FishTracks",342,20220728, 22:50:13.1630,11.459782,-42.591842,-45.411041,0.71423,-2.3292,0.142733,-0.465698,6.000000,2,0.133367,0.007173,0.636689,5.093514,6.366892,0.636689,-0.636689,-1.910068,-2.546757,-0.636689,11.459782,0.512000,11.449426,-9.9e+37,-9.9e+37,-9.9e+37,-9.9e+37,-9.9e+37,-9.9e+37,-9.9e+37,-9.9e+37,-9.9e+37,-9.9e+37,-9.9e+37,5986,-9.9e+37,-9.9e+37,"Unclassified targets",-9.9e+37,-9.9e+37,-9.9e+37,-9.9e+37
3,"Region 3","070kHz_FishTracks",342,20220728, 22:50:14.1630,11.600250,-30.253796,-32.180443,0.60063,-1.92,0.121535,-0.388644,6.000000,3,0.030537,0.066437,1.273378,1.910068,1.910068,1.273378,-0.636689,-1.273378,-1.273378,-0.636689,11.600250,0.512000,11.593100,-9.9e+37,-9.9e+37,-9.9e+37,-9.9e+37,-9.9e+37,-9.9e+37,-9.9e+37,-9.9e+37,-9.9e+37,-9.9e+37,-9.9e+37,5991,-9.9e+37,-9.9e+37,"Unclassified targets",-9.9e+37,-9.9e+37,-9.9e+37,-9.9e+37
3,"Region 3","070kHz_FishTracks",342,20220728, 22:50:14.3650,11.623661,-37.219584,-37.340685,0.49426,-0.0065718,0.100269,-0.001333,6.000000,2,0.007347,0.003852,0.636689,1.273378,1.910068,0.636689,0.000000,-0.636689,-0.636689,0.000000,11.623661,0.512000,11.623228,-9.9e+37,-9.9e+37,-9.9e+37,-9.9e+37,-9.9e+37,-9.9e+37,-9.9e+37,-9.9e+37,-9.9e+37,-9.9e+37,-9.9e+37,5992,-9.9e+37,-9.9e+37,"Unclassified targets",-9.9e+37,-9.9e+37,-9.9e+37,-9.9e+37
3,"Region 3","070kHz_FishTracks",342,20220728, 22:50:14.5640,11.635366,-36.771274,-37.259991,0.43654,0.91076,0.088639,0.184940,6.000000,2,0.063804,0.016393,0.636689,2.546757,5.730203,0.636689,-0.636689,-1.910068,-2.546757,-0.636689,11.635366,0.512000,11.633559,-9.9e+37,-9.9e+37,-9.9e+37,-9.9e+37,-9.9e+37,-9.9e+37,-9.9e+37,-9.9e+37,-9.9e+37,-9.9e+37,-9.9e+37,5993,-9.9e+37,-9.9e+37,"Unclassified targets",-9.9e+37,-9.9e+37,-9.9e+37,-9.9e+37
3,"Region 3","070kHz_FishTracks",342,20220728, 22:50:14.9640,11.670483,-42.511330,-42.873362,-0.41401,-0.7634,-0.084320,-0.155486,6.000000,3,0.157242,0.111839,1.273378,1.910068,5.093514,1.273378,0.000000,0.000000,-1.910068,0.000000,11.670483,0.512000,11.669143,-9.9e+37,-9.9e+37,-9.9e+37,-9.9e+37,-9.9e+37,-9.9e+37,-9.9e+37,-9.9e+37,-9.9e+37,-9.9e+37,-9.9e+37,5995,-9.9e+37,-9.9e+37,"Unclassified targets",-9.9e+37,-9.9e+37,-9.9e+37,-9.9e+37
3,"Region 3","070kHz_FishTracks",342,20220728, 22:50:15.1640,11.717306,-39.167015,-41.341676,-0.36586,-2.1052,-0.074769,-0.430423,6.000000,3,0.032887,0.114047,1.273378,4.456825,4.456825,1.273378,-0.636689,-3.183446,-3.183446,-0.636689,11.717306,0.512000,11.709159,-9.9e+37,-9.9e+37,-9.9e+37,-9.9e+37,-9.9e+37,-9.9e+37,-9.9e+37,-9.9e+37,-9.9e+37,-9.9e+37,-9.9e+37,5996,-9.9e+37,-9.9e+37,"Unclassified targets",-9.9e+37,-9.9e+37,-9.9e+37,-9.9e+37
3,"Region 3","070kHz_FishTracks",342,20220728, 22:50:15.3650,11.740717,-42.871581,-46.110830,-0.43526,-2.5724,-0.089099,-0.526934,6.000000,2,0.135501,0.302458,0.636689,3.820135,4.456825,0.636689,0.000000,-2.546757,-3.183446,0.000000,11.740717,0.512000,11.728548,-9.9e+37,-9.9e+37,-9.9e+37,-9.9e+37,-9.9e+37,-9.9e+37,-9.9e+37,-9.9e+37,-9.9e+37,-9.9e+37,-9.9e+37,5997,-9.9e+37,-9.9e+37,"Unclassified targets",-9.9e+37,-9.9e+37,-9.9e+37,-9.9e+37
3,"Region 3","070kHz_FishTracks",342,20220728, 22:50:15.5640,11.752422,-42.864589,-45.021166,-0.6577,-2.0251,-0.134820,-0.415263,6.000000,3,0.074990,0.122107,1.273378,3.820135,5.730203,1.273378,0.000000,-0.636689,-1.910068,0.000000,11.752422,0.512000,11.744310,-9.9e+37,-9.9e+37,-9.9e+37,-9.9e+37,-9.9e+37,-9.9e+37,-9.9e+37,-9.9e+37,-9.9e+37,-9.9e+37,-9.9e+37,5998,-9.9e+37,-9.9e+37,"Unclassified targets",-9.9e+37,-9.9e+37,-9.9e+37,-9.9e+37
3,"Region 3","070kHz_FishTracks",342,20220728, 22:50:15.9640,11.787539,-32.724674,-34.517383,-1.3311,-1.4037,-0.273740,-0.288677,6.000000,2,0.003126,0.069595,0.636689,1.273378,3.820135,0.636689,-0.636689,-0.636689,-1.273378,-0.636689,11.787539,0.512000,11.780824,-9.9e+37,-9.9e+37,-9.9e+37,-9.9e+37,-9.9e+37,-9.9e+37,-9.9e+37,-9.9e+37,-9.9e+37,-9.9e+37,-9.9e+37,6000,-9.9e+37,-9.9e+37,"Unclassified targets",-9.9e+37,-9.9e+37,-9.9e+37,-9.9e+37
3,"Region 3","070kHz_FishTracks",342,20220728, 22:50:16.1640,11.810950,-28.118837,-30.534667,-1.9084,-1.1638,-0.393238,-0.239754,6.000000,2,0.106388,0.081282,0.636689,1.273378,3.183446,0.636689,-0.636689,-1.273378,-1.910068,-0.636689,11.810950,0.512000,11.801967,-9.9e+37,-9.9e+37,-9.9e+37,-9.9e+37,-9.9e+37,-9.9e+37,-9.9e+37,-9.9e+37,-9.9e+37,-9.9e+37,-9.9e+37,6001,-9.9e+37,-9.9e+37,"Unclassified targets",-9.9e+37,-9.9e+37,-9.9e+37,-9.9e+37
3,"Region 3","070kHz_FishTracks",342,20220728, 22:50:16.3640,11.834362,-31.297733,-33.899325,-2.0849,-1.0012,-0.430482,-0.206647,6.000000,3,0.126230,0.050463,1.273378,1.273378,1.910068,1.273378,-0.636689,-0.636689,-1.273378,-0.636689,11.834362,0.512000,11.824724,-9.9e+37,-9.9e+37,-9.9e+37,-9.9e+37,-9.9e+37,-9.9e+37,-9.9e+37,-9.9e+37,-9.9e+37,-9.9e+37,-9.9e+37,6002,-9.9e+37,-9.9e+37,"Unclassified targets",-9.9e+37,-9.9e+37,-9.9e+37,-9.9e+37
3,"Region 3","070kHz_FishTracks",342,20220728, 22:50:16.5640,11.857773,-38.592880,-40.029046,-1.5372,-0.75888,-0.318078,-0.156995,6.000000,2,0.074169,0.072652,0.636689,1.910068,5.093514,0.636689,0.000000,0.000000,-1.273378,0.000000,11.857773,0.512000,11.852466,-9.9e+37,-9.9e+37,-9.9e+37,-9.9e+37,-9.9e+37,-9.9e+37,-9.9e+37,-9.9e+37,-9.9e+37,-9.9e+37,-9.9e+37,6003,-9.9e+37,-9.9e+37,"Unclassified targets",-9.9e+37,-9.9e+37,-9.9e+37,-9.9e+37
3,"Region 3","070kHz_FishTracks",342,20220728, 22:50:16.7650,11.892890,-40.276438,-42.150159,-1.712,-0.96099,-0.355250,-0.199374,6.000000,3,0.112283,0.048565,1.273378,3.820135,5.093514,1.273378,-0.636689,-0.636689,-1.910068,-0.636689,11.892890,0.512000,11.885911,-9.9e+37,-9.9e+37,-9.9e+37,-9.9e+37,-9.9e+37,-9.9e+37,-9.9e+37,-9.9e+37,-9.9e+37,-9.9e+37,-9.9e+37,6004,-9.9e+37,-9.9e+37,"Unclassified targets",-9.9e+37,-9.9e+37,-9.9e+37,-9.9e+37
3,"Region 3","070kHz_FishTracks",342,20220728, 22:50:17.1650,11.998240,-44.532866,-48.079604,-2.5993,-0.67955,-0.544083,-0.142154,6.000000,2,0.201809,0.106071,0.636689,1.910068,6.366892,0.636689,0.000000,0.000000,-4.456825,0.000000,11.998240,0.512000,11.985054,-9.9e+37,-9.9e+37,-9.9e+37,-9.9e+37,-9.9e+37,-9.9e+37,-9.9e+37,-9.9e+37,-9.9e+37,-9.9e+37,-9.9e+37,6006,-9.9e+37,-9.9e+37,"Unclassified targets",-9.9e+37,-9.9e+37,-9.9e+37,-9.9e+37
3,"Region 3","070kHz_FishTracks",342,20220728, 22:50:17.3650,11.986534,-41.598502,-45.029592,-2.4247,-1.0901,-0.507020,-0.227831,6.000000,2,0.005992,0.051206,0.636689,5.093514,5.730203,0.636689,-0.636689,-1.910068,-2.546757,-0.636689,11.986534,0.512000,11.973639,-9.9e+37,-9.9e+37,-9.9e+37,-9.9e+37,-9.9e+37,-9.9e+37,-9.9e+37,-9.9e+37,-9.9e+37,-9.9e+37,-9.9e+37,6007,-9.9e+37,-9.9e+37,"Unclassified targets",-9.9e+37,-9.9e+37,-9.9e+37,-9.9e+37
4,"Region 4","070kHz_FishTracks",342,20220728, 22:53:26.8640,11.740717,-44.324568,-46.749286,1.6325,-1.5527,0.334358,-0.318001,6.000000,3,0.203777,0.116163,1.273378,5.730203,5.730203,1.273378,-0.636689,-1.910068,-1.910068,-0.636689,11.740717,0.512000,11.731646,-9.9e+37,-9.9e+37,-9.9e+37,-9.9e+37,-9.9e+37,-9.9e+37,-9.9e+37,-9.9e+37,-9.9e+37,-9.9e+37,-9.9e+37,6954,-9.9e+37,-9.9e+37,"Unclassified targets",-9.9e+37,-9.9e+37,-9.9e+37,-9.9e+37
4,"Region 4","070kHz_FishTracks",342,20220728, 22:53:27.6630,11.822656,-38.121139,-40.843290,1.4392,-1.9157,0.296768,-0.395092,6.000000,2,0.111716,0.056891,0.636689,0.636689,3.183446,0.636689,0.000000,0.000000,-1.273378,0.000000,11.822656,0.512000,11.812325,-9.9e+37,-9.9e+37,-9.9e+37,-9.9e+37,-9.9e+37,-9.9e+37,-9.9e+37,-9.9e+37,-9.9e+37,-9.9e+37,-9.9e+37,6958,-9.9e+37,-9.9e+37,"Unclassified targets",-9.9e+37,-9.9e+37,-9.9e+37,-9.9e+37
4,"Region 4","070kHz_FishTracks",342,20220728, 22:53:27.8640,11.916301,-54.817913,-57.452639,1.6538,-1.6724,0.343767,-0.347619,6.000000,2,0.103094,0.119687,0.636689,0.636689,13.370474,0.636689,0.000000,0.000000,-8.913649,0.000000,11.916301,0.512000,11.906268,-9.9e+37,-9.9e+37,-9.9e+37,-9.9e+37,-9.9e+37,-9.9e+37,-9.9e+37,-9.9e+37,-9.9e+37,-9.9e+37,-9.9e+37,6959,-9.9e+37,-9.9e+37,"Unclassified targets",-9.9e+37,-9.9e+37,-9.9e+37,-9.9e+37
4,"Region 4","070kHz_FishTracks",342,20220728, 22:53:28.0640,11.857773,-41.553791,-42.489884,0.92875,-1.0396,0.192171,-0.215111,6.000000,2,0.001919,0.022092,0.636689,0.636689,5.093514,0.636689,0.000000,0.000000,-2.546757,0.000000,11.857773,0.512000,11.854264,-9.9e+37,-9.9e+37,-9.9e+37,-9.9e+37,-9.9e+37,-9.9e+37,-9.9e+37,-9.9e+37,-9.9e+37,-9.9e+37,-9.9e+37,6960,-9.9e+37,-9.9e+37,"Unclassified targets",-9.9e+37,-9.9e+37,-9.9e+37,-9.9e+37
4,"Region 4","070kHz_FishTracks",342,20220728, 22:53:28.2640,11.939712,-52.981383,-54.638899,1.3053,-1.3228,0.271911,-0.275565,6.000000,3,0.051990,0.068012,1.273378,7.003581,10.187027,1.273378,-0.636689,-5.730203,-7.003581,-0.636689,11.939712,0.512000,11.933434,-9.9e+37,-9.9e+37,-9.9e+37,-9.9e+37,-9.9e+37,-9.9e+37,-9.9e+37,-9.9e+37,-9.9e+37,-9.9e+37,-9.9e+37,6961,-9.9e+37,-9.9e+37,"Unclassified targets",-9.9e+37,-9.9e+37,-9.9e+37,-9.9e+37
4,"Region 4","070kHz_FishTracks",342,20220728, 22:53:28.6620,11.951418,-41.545083,-42.900118,0.88526,-1.4324,0.184592,-0.298716,6.000000,2,0.010749,0.021543,0.636689,5.093514,7.003581,0.636689,0.000000,-1.273378,-2.546757,0.000000,11.951418,0.512000,11.946258,-9.9e+37,-9.9e+37,-9.9e+37,-9.9e+37,-9.9e+37,-9.9e+37,-9.9e+37,-9.9e+37,-9.9e+37,-9.9e+37,-9.9e+37,6963,-9.9e+37,-9.9e+37,"Unclassified targets",-9.9e+37,-9.9e+37,-9.9e+37,-9.9e+37
4,"Region 4","070kHz_FishTracks",342,20220728, 22:53:29.0630,12.009946,-47.163012,-49.384973,1.8664,-1.0468,0.391098,-0.219286,6.000000,2,0.017679,0.005941,0.636689,5.093514,8.276960,0.636689,-0.636689,-0.636689,-1.910068,-0.636689,12.009946,0.512000,12.001573,-9.9e+37,-9.9e+37,-9.9e+37,-9.9e+37,-9.9e+37,-9.9e+37,-9.9e+37,-9.9e+37,-9.9e+37,-9.9e+37,-9.9e+37,6965,-9.9e+37,-9.9e+37,"Unclassified targets",-9.9e+37,-9.9e+37,-9.9e+37,-9.9e+37
4,"Region 4","070kHz_FishTracks",342,20220728, 22:53:29.4640,12.115296,-43.804347,-46.361746,2.1989,-0.60312,0.464812,-0.127435,6.000000,3,0.147134,0.030621,1.273378,1.910068,8.913649,1.273378,-0.636689,-0.636689,-7.640271,-0.636689,12.115296,0.512000,12.105706,-9.9e+37,-9.9e+37,-9.9e+37,-9.9e+37,-9.9e+37,-9.9e+37,-9.9e+37,-9.9e+37,-9.9e+37,-9.9e+37,-9.9e+37,6967,-9.9e+37,-9.9e+37,"Unclassified targets",-9.9e+37,-9.9e+37,-9.9e+37,-9.9e+37
4,"Region 4","070kHz_FishTracks",342,20220728, 22:53:29.6730,12.091885,-40.649784,-41.764049,1.2034,-0.92202,0.253912,-0.194534,6.000000,3,0.113198,0.005461,1.273378,1.273378,8.276960,1.273378,-0.636689,-0.636689,-7.003581,-0.636689,12.091885,0.512000,12.087653,-9.9e+37,-9.9e+37,-9.9e+37,-9.9e+37,-9.9e+37,-9.9e+37,-9.9e+37,-9.9e+37,-9.9e+37,-9.9e+37,-9.9e+37,6968,-9.9e+37,-9.9e+37,"Unclassified targets",-9.9e+37,-9.9e+37,-9.9e+37,-9.9e+37
4,"Region 4","070kHz_FishTracks",342,20220728, 22:53:29.8640,12.033357,-38.203048,-38.869260,0.12168,-1.1758,0.025551,-0.246933,6.000000,2,0.021009,0.080683,0.636689,3.183446,6.366892,0.636689,0.000000,-1.273378,-3.820135,0.000000,12.033357,0.512000,12.030796,-9.9e+37,-9.9e+37,-9.9e+37,-9.9e+37,-9.9e+37,-9.9e+37,-9.9e+37,-9.9e+37,-9.9e+37,-9.9e+37,-9.9e+37,6969,-9.9e+37,-9.9e+37,"Unclassified targets",-9.9e+37,-9.9e+37,-9.9e+37,-9.9e+37
4,"Region 4","070kHz_FishTracks",342,20220728, 22:53:30.0630,12.033357,-40.566290,-41.654771,0.43627,-1.4462,0.091595,-0.303698,6.000000,3,0.393219,0.051190,1.273378,6.366892,6.366892,1.273378,-0.636689,-3.183446,-3.183446,-0.636689,12.033357,0.512000,12.029175,-9.9e+37,-9.9e+37,-9.9e+37,-9.9e+37,-9.9e+37,-9.9e+37,-9.9e+37,-9.9e+37,-9.9e+37,-9.9e+37,-9.9e+37,6970,-9.9e+37,-9.9e+37,"Unclassified targets",-9.9e+37,-9.9e+37,-9.9e+37,-9.9e+37
4,"Region 4","070kHz_FishTracks",342,20220728, 22:53:30.2610,12.068474,-38.767106,-39.585349,0.48913,-1.2137,0.103004,-0.255619,6.000000,2,0.104747,0.042052,0.636689,1.910068,4.456825,0.636689,-0.636689,-0.636689,-3.183446,-0.636689,12.068474,0.512000,12.065327,-9.9e+37,-9.9e+37,-9.9e+37,-9.9e+37,-9.9e+37,-9.9e+37,-9.9e+37,-9.9e+37,-9.9e+37,-9.9e+37,-9.9e+37,6971,-9.9e+37,-9.9e+37,"Unclassified targets",-9.9e+37,-9.9e+37,-9.9e+37,-9.9e+37
4,"Region 4","070kHz_FishTracks",342,20220728, 22:53:30.4640,12.115296,-32.997447,-33.457809,0.60838,-0.7643,0.128629,-0.161598,6.000000,2,0.051490,0.004269,0.636689,0.636689,2.546757,0.636689,-0.636689,-0.636689,-2.546757,-0.636689,12.115296,0.512000,12.113535,-9.9e+37,-9.9e+37,-9.9e+37,-9.9e+37,-9.9e+37,-9.9e+37,-9.9e+37,-9.9e+37,-9.9e+37,-9.9e+37,-9.9e+37,6972,-9.9e+37,-9.9e+37,"Unclassified targets",-9.9e+37,-9.9e+37,-9.9e+37,-9.9e+37
4,"Region 4","070kHz_FishTracks",342,20220728, 22:53:30.6640,12.150413,-36.642541,-37.543201,1.276,-0.44873,0.270564,-0.095134,6.000000,2,0.116303,0.047366,0.636689,2.546757,3.820135,0.636689,0.000000,-1.910068,-3.183446,0.000000,12.150413,0.512000,12.147027,-9.9e+37,-9.9e+37,-9.9e+37,-9.9e+37,-9.9e+37,-9.9e+37,-9.9e+37,-9.9e+37,-9.9e+37,-9.9e+37,-9.9e+37,6973,-9.9e+37,-9.9e+37,"Unclassified targets",-9.9e+37,-9.9e+37,-9.9e+37,-9.9e+37
4,"Region 4","070kHz_FishTracks",342,20220728, 22:53:30.8640,12.185530,-34.610198,-35.995548,1.6017,-0.49827,0.340583,-0.105928,6.000000,2,0.058007,0.035657,0.636689,1.273378,1.273378,0.636689,0.000000,-0.636689,-0.636689,0.000000,12.185530,0.512000,12.180308,-9.9e+37,-9.9e+37,-9.9e+37,-9.9e+37,-9.9e+37,-9.9e+37,-9.9e+37,-9.9e+37,-9.9e+37,-9.9e+37,-9.9e+37,6974,-9.9e+37,-9.9e+37,"Unclassified targets",-9.9e+37,-9.9e+37,-9.9e+37,-9.9e+37
4,"Region 4","070kHz_FishTracks",342,20220728, 22:53:31.0640,12.208941,-39.530086,-41.769683,2.0799,-0.4625,0.443088,-0.098487,6.000000,3,0.065071,0.043396,1.273378,1.910068,6.366892,1.273378,-0.636689,-0.636689,-3.183446,-0.636689,12.208941,0.512000,12.200500,-9.9e+37,-9.9e+37,-9.9e+37,-9.9e+37,-9.9e+37,-9.9e+37,-9.9e+37,-9.9e+37,-9.9e+37,-9.9e+37,-9.9e+37,6975,-9.9e+37,-9.9e+37,"Unclassified targets",-9.9e+37,-9.9e+37,-9.9e+37,-9.9e+37
4,"Region 4","070kHz_FishTracks",342,20220728, 22:53:31.2630,12.150413,-46.771507,-47.372969,0.94003,-0.58952,0.199327,-0.124998,6.000000,2,0.046722,0.031244,0.636689,7.640271,10.187027,0.636689,-0.636689,-1.273378,-3.183446,-0.636689,12.150413,0.512000,12.148135,-9.9e+37,-9.9e+37,-9.9e+37,-9.9e+37,-9.9e+37,-9.9e+37,-9.9e+37,-9.9e+37,-9.9e+37,-9.9e+37,-9.9e+37,6976,-9.9e+37,-9.9e+37,"Unclassified targets",-9.9e+37,-9.9e+37,-9.9e+37,-9.9e+37
4,"Region 4","070kHz_FishTracks",342,20220728, 22:53:31.4640,12.150413,-45.433524,-45.669365,0.37606,-0.5903,0.079745,-0.125177,6.000000,3,0.030233,0.008977,1.273378,3.183446,3.820135,1.273378,-1.273378,-1.273378,-1.910068,-1.273378,12.150413,0.512000,12.149506,-9.9e+37,-9.9e+37,-9.9e+37,-9.9e+37,-9.9e+37,-9.9e+37,-9.9e+37,-9.9e+37,-9.9e+37,-9.9e+37,-9.9e+37,6977,-9.9e+37,-9.9e+37,"Unclassified targets",-9.9e+37,-9.9e+37,-9.9e+37,-9.9e+37
4,"Region 4","070kHz_FishTracks",342,20220728, 22:53:31.6620,12.150413,-46.565495,-46.668166,0.025312,-0.46339,0.005368,-0.098269,6.000000,2,0.053460,0.022780,0.636689,1.273378,7.640271,0.636689,-0.636689,-0.636689,-1.273378,-0.636689,12.150413,0.512000,12.150014,-9.9e+37,-9.9e+37,-9.9e+37,-9.9e+37,-9.9e+37,-9.9e+37,-9.9e+37,-9.9e+37,-9.9e+37,-9.9e+37,-9.9e+37,6978,-9.9e+37,-9.9e+37,"Unclassified targets",-9.9e+37,-9.9e+37,-9.9e+37,-9.9e+37
4,"Region 4","070kHz_FishTracks",342,20220728, 22:53:31.8640,12.267469,-37.217187,-37.676810,0.78016,-0.57826,0.167024,-0.123797,6.000000,2,0.055739,0.002218,0.636689,1.273378,2.546757,0.636689,0.000000,-0.636689,-0.636689,0.000000,12.267469,0.512000,12.265707,-9.9e+37,-9.9e+37,-9.9e+37,-9.9e+37,-9.9e+37,-9.9e+37,-9.9e+37,-9.9e+37,-9.9e+37,-9.9e+37,-9.9e+37,6979,-9.9e+37,-9.9e+37,"Unclassified targets",-9.9e+37,-9.9e+37,-9.9e+37,-9.9e+37
4,"Region 4","070kHz_FishTracks",342,20220728, 22:53:32.0640,12.279174,-40.906505,-41.351763,0.73708,-0.61007,0.157952,-0.130733,6.000000,2,0.014123,0.095411,0.636689,3.183446,3.183446,0.636689,-0.636689,-2.546757,-2.546757,-0.636689,12.279174,0.512000,12.277462,-9.9e+37,-9.9e+37,-9.9e+37,-9.9e+37,-9.9e+37,-9.9e+37,-9.9e+37,-9.9e+37,-9.9e+37,-9.9e+37,-9.9e+37,6980,-9.9e+37,-9.9e+37,"Unclassified targets",-9.9e+37,-9.9e+37,-9.9e+37,-9.9e+37
4,"Region 4","070kHz_FishTracks",342,20220728, 22:53:32.4740,12.244058,-48.747106,-49.647361,0.037782,-1.3738,0.008072,-0.293545,6.000000,2,0.129826,0.036250,0.636689,2.546757,6.366892,0.636689,-0.636689,-0.636689,-1.910068,-0.636689,12.244058,0.512000,12.240536,-9.9e+37,-9.9e+37,-9.9e+37,-9.9e+37,-9.9e+37,-9.9e+37,-9.9e+37,-9.9e+37,-9.9e+37,-9.9e+37,-9.9e+37,6982,-9.9e+37,-9.9e+37,"Unclassified targets",-9.9e+37,-9.9e+37,-9.9e+37,-9.9e+37
4,"Region 4","070kHz_FishTracks",342,20220728, 22:53:32.6640,12.255763,-55.577686,-56.343436,0.063059,-1.2659,0.013485,-0.270755,6.000000,3,0.244514,0.108707,1.273378,7.640271,7.640271,1.273378,-0.636689,-1.910068,-1.910068,-0.636689,12.255763,0.512000,12.252765,-9.9e+37,-9.9e+37,-9.9e+37,-9.9e+37,-9.9e+37,-9.9e+37,-9.9e+37,-9.9e+37,-9.9e+37,-9.9e+37,-9.9e+37,6983,-9.9e+37,-9.9e+37,"Unclassified targets",-9.9e+37,-9.9e+37,-9.9e+37,-9.9e+37
4,"Region 4","070kHz_FishTracks",342,20220728, 22:53:33.0740,12.255763,-45.692755,-46.271875,0.68413,-0.85637,0.146318,-0.183161,6.000000,2,0.046295,0.027616,0.636689,1.273378,5.730203,0.636689,0.000000,-0.636689,-1.273378,0.000000,12.255763,0.512000,12.253521,-9.9e+37,-9.9e+37,-9.9e+37,-9.9e+37,-9.9e+37,-9.9e+37,-9.9e+37,-9.9e+37,-9.9e+37,-9.9e+37,-9.9e+37,6985,-9.9e+37,-9.9e+37,"Unclassified targets",-9.9e+37,-9.9e+37,-9.9e+37,-9.9e+37
4,"Region 4","070kHz_FishTracks",342,20220728, 22:53:33.2640,12.314291,-47.250668,-48.113159,1.2783,-0.33615,0.274715,-0.072228,6.000000,2,0.043652,0.001059,0.636689,3.820135,6.366892,0.636689,-0.636689,-3.183446,-4.456825,-0.636689,12.314291,0.512000,12.311015,-9.9e+37,-9.9e+37,-9.9e+37,-9.9e+37,-9.9e+37,-9.9e+37,-9.9e+37,-9.9e+37,-9.9e+37,-9.9e+37,-9.9e+37,6986,-9.9e+37,-9.9e+37,"Unclassified targets",-9.9e+37,-9.9e+37,-9.9e+37,-9.9e+37
4,"Region 4","070kHz_FishTracks",342,20220728, 22:53:33.4640,12.314291,-46.185324,-47.108057,1.3271,0.32771,0.285188,0.070414,6.000000,2,0.034332,0.015714,0.636689,1.273378,2.546757,0.636689,-0.636689,-1.273378,-1.910068,-0.636689,12.314291,0.512000,12.310787,-9.9e+37,-9.9e+37,-9.9e+37,-9.9e+37,-9.9e+37,-9.9e+37,-9.9e+37,-9.9e+37,-9.9e+37,-9.9e+37,-9.9e+37,6987,-9.9e+37,-9.9e+37,"Unclassified targets",-9.9e+37,-9.9e+37,-9.9e+37,-9.9e+37
4,"Region 4","070kHz_FishTracks",342,20220728, 22:53:33.6650,12.314291,-48.530713,-48.982604,0.88271,0.37342,0.189704,0.080247,6.000000,3,0.078584,0.017044,1.273378,5.093514,5.730203,1.273378,0.000000,-3.183446,-3.183446,0.000000,12.314291,0.512000,12.312568,-9.9e+37,-9.9e+37,-9.9e+37,-9.9e+37,-9.9e+37,-9.9e+37,-9.9e+37,-9.9e+37,-9.9e+37,-9.9e+37,-9.9e+37,6988,-9.9e+37,-9.9e+37,"Unclassified targets",-9.9e+37,-9.9e+37,-9.9e+37,-9.9e+37
4,"Region 4","070kHz_FishTracks",342,20220728, 22:53:33.8640,12.314291,-45.552972,-45.588531,0.25593,-0.080611,0.055006,-0.017325,6.000000,3,0.024135,0.035429,1.273378,4.456825,5.093514,1.273378,-1.273378,-2.546757,-3.183446,-1.273378,12.314291,0.512000,12.314156,-9.9e+37,-9.9e+37,-9.9e+37,-9.9e+37,-9.9e+37,-9.9e+37,-9.9e+37,-9.9e+37,-9.9e+37,-9.9e+37,-9.9e+37,6989,-9.9e+37,-9.9e+37,"Unclassified targets",-9.9e+37,-9.9e+37,-9.9e+37,-9.9e+37
4,"Region 4","070kHz_FishTracks",342,20220728, 22:53:34.0640,12.255763,-55.676846,-56.308841,-0.38871,-1.0823,-0.083131,-0.231491,6.000000,2,0.098941,0.032027,0.636689,5.093514,12.733784,0.636689,-0.636689,-0.636689,-1.273378,-0.636689,12.255763,0.512000,12.253295,-9.9e+37,-9.9e+37,-9.9e+37,-9.9e+37,-9.9e+37,-9.9e+37,-9.9e+37,-9.9e+37,-9.9e+37,-9.9e+37,-9.9e+37,6990,-9.9e+37,-9.9e+37,"Unclassified targets",-9.9e+37,-9.9e+37,-9.9e+37,-9.9e+37
4,"Region 4","070kHz_FishTracks",342,20220728, 22:53:34.4650,12.325997,-48.536494,-50.275070,-0.36457,-1.8751,-0.078388,-0.403318,6.000000,2,0.018713,0.041052,0.636689,1.273378,3.183446,0.636689,0.000000,-0.636689,-0.636689,0.000000,12.325997,0.512000,12.319147,-9.9e+37,-9.9e+37,-9.9e+37,-9.9e+37,-9.9e+37,-9.9e+37,-9.9e+37,-9.9e+37,-9.9e+37,-9.9e+37,-9.9e+37,6992,-9.9e+37,-9.9e+37,"Unclassified targets",-9.9e+37,-9.9e+37,-9.9e+37,-9.9e+37
4,"Region 4","070kHz_FishTracks",342,20220728, 22:53:34.6640,12.361114,-52.872653,-53.684767,-0.33738,-1.2602,-0.072770,-0.271850,6.000000,2,0.038036,0.084584,0.636689,5.093514,8.276960,0.636689,0.000000,-3.820135,-4.456825,0.000000,12.361114,0.512000,12.357910,-9.9e+37,-9.9e+37,-9.9e+37,-9.9e+37,-9.9e+37,-9.9e+37,-9.9e+37,-9.9e+37,-9.9e+37,-9.9e+37,-9.9e+37,6993,-9.9e+37,-9.9e+37,"Unclassified targets",-9.9e+37,-9.9e+37,-9.9e+37,-9.9e+37
4,"Region 4","070kHz_FishTracks",342,20220728, 22:53:35.0640,12.396230,-51.586755,-52.327525,1.2165,-0.1245,0.263184,-0.026931,6.000000,2,0.031611,0.000705,0.636689,0.636689,6.366892,0.636689,0.000000,0.000000,-5.093514,0.000000,12.396230,0.512000,12.393407,-9.9e+37,-9.9e+37,-9.9e+37,-9.9e+37,-9.9e+37,-9.9e+37,-9.9e+37,-9.9e+37,-9.9e+37,-9.9e+37,-9.9e+37,6995,-9.9e+37,-9.9e+37,"Unclassified targets",-9.9e+37,-9.9e+37,-9.9e+37,-9.9e+37
4,"Region 4","070kHz_FishTracks",342,20220728, 22:53:35.2640,12.384525,-52.454832,-53.580593,1.4998,0.15382,0.324138,0.033238,6.000000,2,0.004630,0.066837,0.636689,4.456825,7.640271,0.636689,-0.636689,-2.546757,-5.730203,-0.636689,12.384525,0.512000,12.380238,-9.9e+37,-9.9e+37,-9.9e+37,-9.9e+37,-9.9e+37,-9.9e+37,-9.9e+37,-9.9e+37,-9.9e+37,-9.9e+37,-9.9e+37,6996,-9.9e+37,-9.9e+37,"Unclassified targets",-9.9e+37,-9.9e+37,-9.9e+37,-9.9e+37
4,"Region 4","070kHz_FishTracks",342,20220728, 22:53:35.4640,12.454758,-53.373893,-54.609626,1.5127,0.46959,0.328779,0.102042,6.000000,2,0.006646,0.007571,0.636689,1.273378,1.273378,0.636689,-0.636689,-0.636689,-0.636689,-0.636689,12.454758,0.512000,12.450000,-9.9e+37,-9.9e+37,-9.9e+37,-9.9e+37,-9.9e+37,-9.9e+37,-9.9e+37,-9.9e+37,-9.9e+37,-9.9e+37,-9.9e+37,6997,-9.9e+37,-9.9e+37,"Unclassified targets",-9.9e+37,-9.9e+37,-9.9e+37,-9.9e+37
4,"Region 4","070kHz_FishTracks",342,20220728, 22:53:35.6640,12.337702,-47.250648,-47.981396,1.2139,0.028831,0.261374,0.006207,6.000000,2,0.059425,0.012198,0.636689,0.636689,7.003581,0.636689,0.000000,0.000000,-5.093514,0.000000,12.337702,0.512000,12.334932,-9.9e+37,-9.9e+37,-9.9e+37,-9.9e+37,-9.9e+37,-9.9e+37,-9.9e+37,-9.9e+37,-9.9e+37,-9.9e+37,-9.9e+37,6998,-9.9e+37,-9.9e+37,"Unclassified targets",-9.9e+37,-9.9e+37,-9.9e+37,-9.9e+37
4,"Region 4","070kHz_FishTracks",342,20220728, 22:53:35.8640,12.325997,-45.971161,-46.516958,0.90825,-0.53929,0.195374,-0.116000,6.000000,2,0.037338,0.005718,0.636689,0.636689,1.910068,0.636689,-0.636689,-0.636689,-0.636689,-0.636689,12.325997,0.512000,12.323902,-9.9e+37,-9.9e+37,-9.9e+37,-9.9e+37,-9.9e+37,-9.9e+37,-9.9e+37,-9.9e+37,-9.9e+37,-9.9e+37,-9.9e+37,6999,-9.9e+37,-9.9e+37,"Unclassified targets",-9.9e+37,-9.9e+37,-9.9e+37,-9.9e+37
4,"Region 4","070kHz_FishTracks",342,20220728, 22:53:36.0640,12.314291,-46.023435,-46.729176,0.44534,-1.1305,0.095695,-0.242960,6.000000,2,0.032766,0.015059,0.636689,0.636689,1.910068,0.636689,-0.636689,-0.636689,-0.636689,-0.636689,12.314291,0.512000,12.311522,-9.9e+37,-9.9e+37,-9.9e+37,-9.9e+37,-9.9e+37,-9.9e+37,-9.9e+37,-9.9e+37,-9.9e+37,-9.9e+37,-9.9e+37,7000,-9.9e+37,-9.9e+37,"Unclassified targets",-9.9e+37,-9.9e+37,-9.9e+37,-9.9e+37
4,"Region 4","070kHz_FishTracks",342,20220728, 22:53:36.2620,12.302586,-46.483166,-47.710332,-0.10498,-1.6011,-0.022532,-0.343742,6.000000,2,0.051627,0.011626,0.636689,0.636689,2.546757,0.636689,0.000000,0.000000,0.000000,0.000000,12.302586,0.512000,12.297762,-9.9e+37,-9.9e+37,-9.9e+37,-9.9e+37,-9.9e+37,-9.9e+37,-9.9e+37,-9.9e+37,-9.9e+37,-9.9e+37,-9.9e+37,7001,-9.9e+37,-9.9e+37,"Unclassified targets",-9.9e+37,-9.9e+37,-9.9e+37,-9.9e+37
4,"Region 4","070kHz_FishTracks",342,20220728, 22:53:36.4620,12.314291,-47.684282,-49.445900,-0.46945,-1.8649,-0.100841,-0.400737,6.000000,2,0.057537,0.054473,0.636689,0.636689,1.910068,0.636689,0.000000,0.000000,0.000000,0.000000,12.314291,0.512000,12.307356,-9.9e+37,-9.9e+37,-9.9e+37,-9.9e+37,-9.9e+37,-9.9e+37,-9.9e+37,-9.9e+37,-9.9e+37,-9.9e+37,-9.9e+37,7002,-9.9e+37,-9.9e+37,"Unclassified targets",-9.9e+37,-9.9e+37,-9.9e+37,-9.9e+37
4,"Region 4","070kHz_FishTracks",342,20220728, 22:53:36.6620,12.349408,-49.755725,-51.349917,-0.47112,-1.7675,-0.101494,-0.380887,6.000000,2,0.017213,0.112729,0.636689,1.910068,7.003581,0.636689,-0.636689,-1.273378,-5.730203,-0.636689,12.349408,0.512000,12.343116,-9.9e+37,-9.9e+37,-9.9e+37,-9.9e+37,-9.9e+37,-9.9e+37,-9.9e+37,-9.9e+37,-9.9e+37,-9.9e+37,-9.9e+37,7003,-9.9e+37,-9.9e+37,"Unclassified targets",-9.9e+37,-9.9e+37,-9.9e+37,-9.9e+37
4,"Region 4","070kHz_FishTracks",342,20220728, 22:53:36.8640,12.325997,-51.024338,-51.902196,0.066457,-1.3554,0.014293,-0.291568,6.000000,2,0.053729,0.010784,0.636689,3.820135,3.820135,0.636689,0.000000,-1.910068,-1.910068,0.000000,12.325997,0.512000,12.322540,-9.9e+37,-9.9e+37,-9.9e+37,-9.9e+37,-9.9e+37,-9.9e+37,-9.9e+37,-9.9e+37,-9.9e+37,-9.9e+37,-9.9e+37,7004,-9.9e+37,-9.9e+37,"Unclassified targets",-9.9e+37,-9.9e+37,-9.9e+37,-9.9e+37
4,"Region 4","070kHz_FishTracks",342,20220728, 22:53:37.0640,12.419642,-50.825909,-51.835743,1.1821,-0.82441,0.256190,-0.178657,6.000000,2,0.053765,0.005237,0.636689,5.093514,7.640271,0.636689,0.000000,-3.183446,-5.093514,0.000000,12.419642,0.512000,12.415714,-9.9e+37,-9.9e+37,-9.9e+37,-9.9e+37,-9.9e+37,-9.9e+37,-9.9e+37,-9.9e+37,-9.9e+37,-9.9e+37,-9.9e+37,7005,-9.9e+37,-9.9e+37,"Unclassified targets",-9.9e+37,-9.9e+37,-9.9e+37,-9.9e+37
4,"Region 4","070kHz_FishTracks",342,20220728, 22:53:37.2620,12.419642,-48.169172,-50.908818,2.3167,-0.42555,0.502026,-0.092168,6.000000,2,0.009016,0.007691,0.636689,1.273378,1.910068,0.636689,-0.636689,-0.636689,-1.273378,-0.636689,12.419642,0.512000,12.409149,-9.9e+37,-9.9e+37,-9.9e+37,-9.9e+37,-9.9e+37,-9.9e+37,-9.9e+37,-9.9e+37,-9.9e+37,-9.9e+37,-9.9e+37,7006,-9.9e+37,-9.9e+37,"Unclassified targets",-9.9e+37,-9.9e+37,-9.9e+37,-9.9e+37
4,"Region 4","070kHz_FishTracks",342,20220728, 22:53:37.6640,12.255763,-53.234499,-55.089687,1.9161,-0.28077,0.409770,-0.060024,6.000000,3,0.038398,0.042660,1.273378,2.546757,5.093514,1.273378,-0.636689,-0.636689,-0.636689,-0.636689,12.255763,0.512000,12.248764,-9.9e+37,-9.9e+37,-9.9e+37,-9.9e+37,-9.9e+37,-9.9e+37,-9.9e+37,-9.9e+37,-9.9e+37,-9.9e+37,-9.9e+37,7008,-9.9e+37,-9.9e+37,"Unclassified targets",-9.9e+37,-9.9e+37,-9.9e+37,-9.9e+37
4,"Region 4","070kHz_FishTracks",342,20220728, 22:53:37.8640,12.255763,-48.443549,-49.403030,0.87575,-1.1088,0.187283,-0.237133,6.000000,2,0.042713,0.035033,0.636689,4.456825,7.003581,0.636689,0.000000,-3.820135,-5.093514,0.000000,12.255763,0.512000,12.252038,-9.9e+37,-9.9e+37,-9.9e+37,-9.9e+37,-9.9e+37,-9.9e+37,-9.9e+37,-9.9e+37,-9.9e+37,-9.9e+37,-9.9e+37,7009,-9.9e+37,-9.9e+37,"Unclassified targets",-9.9e+37,-9.9e+37,-9.9e+37,-9.9e+37
4,"Region 4","070kHz_FishTracks",342,20220728, 22:53:38.0640,12.185530,-48.579778,-50.974934,-0.15881,-2.2362,-0.033749,-0.475466,6.000000,2,0.063162,0.146726,0.636689,5.730203,7.640271,0.636689,0.000000,-3.820135,-4.456825,0.000000,12.185530,0.512000,12.176203,-9.9e+37,-9.9e+37,-9.9e+37,-9.9e+37,-9.9e+37,-9.9e+37,-9.9e+37,-9.9e+37,-9.9e+37,-9.9e+37,-9.9e+37,7010,-9.9e+37,-9.9e+37,"Unclassified targets",-9.9e+37,-9.9e+37,-9.9e+37,-9.9e+37
4,"Region 4","070kHz_FishTracks",342,20220728, 22:53:38.6640,12.197235,-51.751632,-54.984676,0.69016,-2.5164,0.146777,-0.535481,6.000000,3,0.085707,0.129840,1.273378,6.366892,8.913649,1.273378,0.000000,-5.093514,-7.003581,0.000000,12.197235,0.512000,12.184591,-9.9e+37,-9.9e+37,-9.9e+37,-9.9e+37,-9.9e+37,-9.9e+37,-9.9e+37,-9.9e+37,-9.9e+37,-9.9e+37,-9.9e+37,7013,-9.9e+37,-9.9e+37,"Unclassified targets",-9.9e+37,-9.9e+37,-9.9e+37,-9.9e+37
4,"Region 4","070kHz_FishTracks",342,20220728, 22:53:38.8640,12.185530,-48.442388,-50.648162,1.5819,-1.4504,0.336283,-0.308307,6.000000,3,0.037501,0.049283,1.273378,5.730203,7.640271,1.273378,-0.636689,-1.273378,-2.546757,-0.636689,12.185530,0.512000,12.176986,-9.9e+37,-9.9e+37,-9.9e+37,-9.9e+37,-9.9e+37,-9.9e+37,-9.9e+37,-9.9e+37,-9.9e+37,-9.9e+37,-9.9e+37,7014,-9.9e+37,-9.9e+37,"Unclassified targets",-9.9e+37,-9.9e+37,-9.9e+37,-9.9e+37
4,"Region 4","070kHz_FishTracks",342,20220728, 22:53:39.0640,12.279174,-49.307356,-52.149172,2.2912,-0.73888,0.490850,-0.158220,6.000000,2,0.004261,0.046389,0.636689,3.820135,4.456825,0.636689,-0.636689,-1.910068,-1.910068,-0.636689,12.279174,0.512000,12.268340,-9.9e+37,-9.9e+37,-9.9e+37,-9.9e+37,-9.9e+37,-9.9e+37,-9.9e+37,-9.9e+37,-9.9e+37,-9.9e+37,-9.9e+37,7015,-9.9e+37,-9.9e+37,"Unclassified targets",-9.9e+37,-9.9e+37,-9.9e+37,-9.9e+37
4,"Region 4","070kHz_FishTracks",342,20220728, 22:53:39.2640,12.302586,-48.436746,-50.805623,2.1383,-0.48042,0.459020,-0.103083,6.000000,2,0.231997,0.013375,0.636689,4.456825,7.003581,0.636689,-0.636689,-3.183446,-4.456825,-0.636689,12.302586,0.512000,12.293587,-9.9e+37,-9.9e+37,-9.9e+37,-9.9e+37,-9.9e+37,-9.9e+37,-9.9e+37,-9.9e+37,-9.9e+37,-9.9e+37,-9.9e+37,7016,-9.9e+37,-9.9e+37,"Unclassified targets",-9.9e+37,-9.9e+37,-9.9e+37,-9.9e+37
4,"Region 4","070kHz_FishTracks",342,20220728, 22:53:40.2630,12.208941,-53.104218,-56.556296,1.2018,-2.422,0.255846,-0.515820,6.000000,3,0.077713,0.057454,1.273378,5.093514,7.003581,1.273378,-0.636689,-0.636689,-0.636689,-0.636689,12.208941,0.512000,12.195356,-9.9e+37,-9.9e+37,-9.9e+37,-9.9e+37,-9.9e+37,-9.9e+37,-9.9e+37,-9.9e+37,-9.9e+37,-9.9e+37,-9.9e+37,7021,-9.9e+37,-9.9e+37,"Unclassified targets",-9.9e+37,-9.9e+37,-9.9e+37,-9.9e+37
4,"Region 4","070kHz_FishTracks",342,20220728, 22:53:40.4630,12.279174,-51.950426,-54.801303,1.601,-1.8565,0.342884,-0.397650,6.000000,3,0.043357,0.080850,1.273378,5.093514,7.003581,1.273378,-0.636689,-4.456825,-5.093514,-0.636689,12.279174,0.512000,12.267943,-9.9e+37,-9.9e+37,-9.9e+37,-9.9e+37,-9.9e+37,-9.9e+37,-9.9e+37,-9.9e+37,-9.9e+37,-9.9e+37,-9.9e+37,7022,-9.9e+37,-9.9e+37,"Unclassified targets",-9.9e+37,-9.9e+37,-9.9e+37,-9.9e+37
4,"Region 4","070kHz_FishTracks",342,20220728, 22:53:40.6640,12.279174,-46.898405,-49.749322,1.9778,-1.4252,0.423660,-0.305217,6.000000,2,0.006127,0.012212,0.636689,2.546757,6.366892,0.636689,-0.636689,-1.910068,-5.093514,-0.636689,12.279174,0.512000,12.268067,-9.9e+37,-9.9e+37,-9.9e+37,-9.9e+37,-9.9e+37,-9.9e+37,-9.9e+37,-9.9e+37,-9.9e+37,-9.9e+37,-9.9e+37,7023,-9.9e+37,-9.9e+37,"Unclassified targets",-9.9e+37,-9.9e+37,-9.9e+37,-9.9e+37
4,"Region 4","070kHz_FishTracks",342,20220728, 22:53:40.8640,12.279174,-49.334293,-51.997791,1.958,-1.303,0.419434,-0.279062,6.000000,3,0.037290,0.009851,1.273378,3.820135,6.366892,1.273378,-0.636689,-3.183446,-5.730203,-0.636689,12.279174,0.512000,12.268835,-9.9e+37,-9.9e+37,-9.9e+37,-9.9e+37,-9.9e+37,-9.9e+37,-9.9e+37,-9.9e+37,-9.9e+37,-9.9e+37,-9.9e+37,7024,-9.9e+37,-9.9e+37,"Unclassified targets",-9.9e+37,-9.9e+37,-9.9e+37,-9.9e+37
4,"Region 4","070kHz_FishTracks",342,20220728, 22:53:41.0630,12.267469,-47.011385,-50.541392,1.9847,-1.8748,0.424624,-0.401107,6.000000,2,0.100952,0.093253,0.636689,1.910068,7.640271,0.636689,-0.636689,-1.273378,-5.093514,-0.636689,12.267469,0.512000,12.253555,-9.9e+37,-9.9e+37,-9.9e+37,-9.9e+37,-9.9e+37,-9.9e+37,-9.9e+37,-9.9e+37,-9.9e+37,-9.9e+37,-9.9e+37,7025,-9.9e+37,-9.9e+37,"Unclassified targets",-9.9e+37,-9.9e+37,-9.9e+37,-9.9e+37
4,"Region 4","070kHz_FishTracks",342,20220728, 22:53:42.2640,12.220646,-51.197955,-54.307829,1.886,-1.7271,0.402017,-0.368112,6.000000,2,0.002804,0.018626,0.636689,4.456825,7.640271,0.636689,0.000000,-3.183446,-5.093514,0.000000,12.220646,0.512000,12.208484,-9.9e+37,-9.9e+37,-9.9e+37,-9.9e+37,-9.9e+37,-9.9e+37,-9.9e+37,-9.9e+37,-9.9e+37,-9.9e+37,-9.9e+37,7031,-9.9e+37,-9.9e+37,"Unclassified targets",-9.9e+37,-9.9e+37,-9.9e+37,-9.9e+37
4,"Region 4","070kHz_FishTracks",342,20220728, 22:53:42.4750,12.220646,-48.818872,-51.618866,1.6407,-1.7897,0.349724,-0.381501,6.000000,2,0.002522,0.027476,0.636689,1.273378,5.093514,0.636689,-0.636689,-0.636689,-3.820135,-0.636689,12.220646,0.512000,12.209683,-9.9e+37,-9.9e+37,-9.9e+37,-9.9e+37,-9.9e+37,-9.9e+37,-9.9e+37,-9.9e+37,-9.9e+37,-9.9e+37,-9.9e+37,7032,-9.9e+37,-9.9e+37,"Unclassified targets",-9.9e+37,-9.9e+37,-9.9e+37,-9.9e+37
5,"Region 5","070kHz_FishTracks",342,20220728, 22:53:43.8640,12.197235,-50.458278,-53.612583,1.465,-2.1284,0.311622,-0.452837,6.000000,2,0.066143,0.070281,0.636689,5.730203,6.366892,0.636689,-0.636689,-5.093514,-5.730203,-0.636689,12.197235,0.512000,12.184842,-9.9e+37,-9.9e+37,-9.9e+37,-9.9e+37,-9.9e+37,-9.9e+37,-9.9e+37,-9.9e+37,-9.9e+37,-9.9e+37,-9.9e+37,7039,-9.9e+37,-9.9e+37,"Unclassified targets",-9.9e+37,-9.9e+37,-9.9e+37,-9.9e+37
5,"Region 5","070kHz_FishTracks",342,20220728, 22:53:44.0640,12.173824,-48.680598,-51.235921,0.95763,-2.1138,0.203323,-0.448958,6.000000,3,0.020049,0.043936,1.273378,3.820135,7.003581,1.273378,-0.636689,-3.183446,-5.730203,-0.636689,12.173824,0.512000,12.163843,-9.9e+37,-9.9e+37,-9.9e+37,-9.9e+37,-9.9e+37,-9.9e+37,-9.9e+37,-9.9e+37,-9.9e+37,-9.9e+37,-9.9e+37,7040,-9.9e+37,-9.9e+37,"Unclassified targets",-9.9e+37,-9.9e+37,-9.9e+37,-9.9e+37
5,"Region 5","070kHz_FishTracks",342,20220728, 22:53:44.2640,12.173824,-51.613798,-54.798924,1.0081,-2.3899,0.214004,-0.507556,6.000000,2,0.060017,0.085077,0.636689,0.636689,3.183446,0.636689,-0.636689,-0.636689,-0.636689,-0.636689,12.173824,0.512000,12.161356,-9.9e+37,-9.9e+37,-9.9e+37,-9.9e+37,-9.9e+37,-9.9e+37,-9.9e+37,-9.9e+37,-9.9e+37,-9.9e+37,-9.9e+37,7041,-9.9e+37,-9.9e+37,"Unclassified targets",-9.9e+37,-9.9e+37,-9.9e+37,-9.9e+37
5,"Region 5","070kHz_FishTracks",342,20220728, 22:53:44.4640,12.173824,-51.455961,-54.998855,0.94633,-2.5669,0.200859,-0.545143,6.000000,3,0.083071,0.085024,1.273378,1.910068,7.003581,1.273378,-0.636689,-0.636689,-5.093514,-0.636689,12.173824,0.512000,12.159953,-9.9e+37,-9.9e+37,-9.9e+37,-9.9e+37,-9.9e+37,-9.9e+37,-9.9e+37,-9.9e+37,-9.9e+37,-9.9e+37,-9.9e+37,7042,-9.9e+37,-9.9e+37,"Unclassified targets",-9.9e+37,-9.9e+37,-9.9e+37,-9.9e+37
5,"Region 5","070kHz_FishTracks",342,20220728, 22:53:44.6630,12.185530,-48.907792,-52.256238,0.83369,-2.5234,0.177129,-0.536448,6.000000,3,0.040529,0.165019,1.273378,5.730203,7.003581,1.273378,-0.636689,-4.456825,-4.456825,-0.636689,12.185530,0.512000,12.172427,-9.9e+37,-9.9e+37,-9.9e+37,-9.9e+37,-9.9e+37,-9.9e+37,-9.9e+37,-9.9e+37,-9.9e+37,-9.9e+37,-9.9e+37,7043,-9.9e+37,-9.9e+37,"Unclassified targets",-9.9e+37,-9.9e+37,-9.9e+37,-9.9e+37
5,"Region 5","070kHz_FishTracks",342,20220728, 22:53:44.8640,12.173824,-47.139564,-50.347681,0.8378,-2.4624,0.177840,-0.522988,6.000000,2,0.022540,0.101513,0.636689,5.093514,5.730203,0.636689,-0.636689,-2.546757,-3.183446,-0.636689,12.173824,0.512000,12.161285,-9.9e+37,-9.9e+37,-9.9e+37,-9.9e+37,-9.9e+37,-9.9e+37,-9.9e+37,-9.9e+37,-9.9e+37,-9.9e+37,-9.9e+37,7044,-9.9e+37,-9.9e+37,"Unclassified targets",-9.9e+37,-9.9e+37,-9.9e+37,-9.9e+37
5,"Region 5","070kHz_FishTracks",342,20220728, 22:53:45.0640,12.208941,-48.013271,-51.091829,1.2626,-2.2175,0.268817,-0.472280,6.000000,3,0.112896,0.232183,1.273378,5.730203,7.003581,1.273378,-0.636689,-4.456825,-4.456825,-0.636689,12.208941,0.512000,12.196841,-9.9e+37,-9.9e+37,-9.9e+37,-9.9e+37,-9.9e+37,-9.9e+37,-9.9e+37,-9.9e+37,-9.9e+37,-9.9e+37,-9.9e+37,7045,-9.9e+37,-9.9e+37,"Unclassified targets",-9.9e+37,-9.9e+37,-9.9e+37,-9.9e+37
5,"Region 5","070kHz_FishTracks",342,20220728, 22:53:45.2650,12.208941,-47.304954,-51.152540,1.6687,-2.3236,0.355236,-0.494791,6.000000,2,0.099840,0.114289,0.636689,2.546757,4.456825,0.636689,-0.636689,-1.273378,-3.183446,-0.636689,12.208941,0.512000,12.193737,-9.9e+37,-9.9e+37,-9.9e+37,-9.9e+37,-9.9e+37,-9.9e+37,-9.9e+37,-9.9e+37,-9.9e+37,-9.9e+37,-9.9e+37,7046,-9.9e+37,-9.9e+37,"Unclassified targets",-9.9e+37,-9.9e+37,-9.9e+37,-9.9e+37
5,"Region 5","070kHz_FishTracks",342,20220728, 22:53:45.4640,12.197235,-47.610968,-51.158380,1.5668,-2.2526,0.333243,-0.479237,6.000000,3,0.109625,0.057324,1.273378,2.546757,6.366892,1.273378,-0.636689,-0.636689,-4.456825,-0.636689,12.197235,0.512000,12.183260,-9.9e+37,-9.9e+37,-9.9e+37,-9.9e+37,-9.9e+37,-9.9e+37,-9.9e+37,-9.9e+37,-9.9e+37,-9.9e+37,-9.9e+37,7047,-9.9e+37,-9.9e+37,"Unclassified targets",-9.9e+37,-9.9e+37,-9.9e+37,-9.9e+37
5,"Region 5","070kHz_FishTracks",342,20220728, 22:53:45.6640,12.150413,-49.734117,-52.829545,1.176,-2.272,0.249171,-0.481575,6.000000,3,0.026051,0.156790,1.273378,4.456825,5.093514,1.273378,-0.636689,-1.910068,-2.546757,-0.636689,12.150413,0.512000,12.138308,-9.9e+37,-9.9e+37,-9.9e+37,-9.9e+37,-9.9e+37,-9.9e+37,-9.9e+37,-9.9e+37,-9.9e+37,-9.9e+37,-9.9e+37,7048,-9.9e+37,-9.9e+37,"Unclassified targets",-9.9e+37,-9.9e+37,-9.9e+37,-9.9e+37
5,"Region 5","070kHz_FishTracks",342,20220728, 22:53:45.8640,12.173824,-48.369437,-51.671405,0.69633,-2.5436,0.147802,-0.540220,6.000000,2,0.034184,0.082051,0.636689,2.546757,6.366892,0.636689,0.000000,-1.910068,-4.456825,0.000000,12.173824,0.512000,12.160934,-9.9e+37,-9.9e+37,-9.9e+37,-9.9e+37,-9.9e+37,-9.9e+37,-9.9e+37,-9.9e+37,-9.9e+37,-9.9e+37,-9.9e+37,7049,-9.9e+37,-9.9e+37,"Unclassified targets",-9.9e+37,-9.9e+37,-9.9e+37,-9.9e+37
5,"Region 5","070kHz_FishTracks",342,20220728, 22:53:46.0630,12.103590,-49.320168,-52.738781,-0.048613,-2.6777,-0.010258,-0.565443,6.000000,3,0.031671,0.119047,1.273378,4.456825,5.093514,1.273378,-0.636689,-1.273378,-1.273378,-0.636689,12.103590,0.512000,12.090371,-9.9e+37,-9.9e+37,-9.9e+37,-9.9e+37,-9.9e+37,-9.9e+37,-9.9e+37,-9.9e+37,-9.9e+37,-9.9e+37,-9.9e+37,7050,-9.9e+37,-9.9e+37,"Unclassified targets",-9.9e+37,-9.9e+37,-9.9e+37,-9.9e+37
5,"Region 5","070kHz_FishTracks",342,20220728, 22:53:46.2640,12.091885,-51.046778,-54.402543,-0.54899,-2.5994,-0.115739,-0.548378,6.000000,3,0.036216,0.089922,1.273378,4.456825,7.003581,1.273378,-0.636689,-0.636689,-1.910068,-0.636689,12.091885,0.512000,12.078889,-9.9e+37,-9.9e+37,-9.9e+37,-9.9e+37,-9.9e+37,-9.9e+37,-9.9e+37,-9.9e+37,-9.9e+37,-9.9e+37,-9.9e+37,7051,-9.9e+37,-9.9e+37,"Unclassified targets",-9.9e+37,-9.9e+37,-9.9e+37,-9.9e+37
5,"Region 5","070kHz_FishTracks",342,20220728, 22:53:46.4650,12.162118,-50.263933,-53.349756,-0.36814,-2.5191,-0.078069,-0.534537,6.000000,3,0.020698,0.028363,1.273378,6.366892,6.366892,1.273378,-1.273378,-5.093514,-5.093514,-1.273378,12.162118,0.512000,12.150115,-9.9e+37,-9.9e+37,-9.9e+37,-9.9e+37,-9.9e+37,-9.9e+37,-9.9e+37,-9.9e+37,-9.9e+37,-9.9e+37,-9.9e+37,7052,-9.9e+37,-9.9e+37,"Unclassified targets",-9.9e+37,-9.9e+37,-9.9e+37,-9.9e+37
5,"Region 5","070kHz_FishTracks",342,20220728, 22:53:46.6640,12.185530,-49.585818,-52.085415,0.19753,-2.2818,0.041977,-0.485150,6.000000,3,0.056846,0.199193,1.273378,5.093514,7.003581,1.273378,-0.636689,-4.456825,-4.456825,-0.636689,12.185530,0.512000,12.175796,-9.9e+37,-9.9e+37,-9.9e+37,-9.9e+37,-9.9e+37,-9.9e+37,-9.9e+37,-9.9e+37,-9.9e+37,-9.9e+37,-9.9e+37,7053,-9.9e+37,-9.9e+37,"Unclassified targets",-9.9e+37,-9.9e+37,-9.9e+37,-9.9e+37
5,"Region 5","070kHz_FishTracks",342,20220728, 22:53:46.8620,12.232352,-48.062213,-50.247426,0.91801,-1.9378,0.195870,-0.413577,6.000000,2,0.049847,0.103239,0.636689,5.093514,6.366892,0.636689,-0.636689,-3.820135,-5.093514,-0.636689,12.232352,0.512000,12.223789,-9.9e+37,-9.9e+37,-9.9e+37,-9.9e+37,-9.9e+37,-9.9e+37,-9.9e+37,-9.9e+37,-9.9e+37,-9.9e+37,-9.9e+37,7054,-9.9e+37,-9.9e+37,"Unclassified targets",-9.9e+37,-9.9e+37,-9.9e+37,-9.9e+37
5,"Region 5","070kHz_FishTracks",342,20220728, 22:53:47.0640,12.255763,-48.175095,-50.195885,1.3416,-1.5597,0.286840,-0.333503,6.000000,2,0.041223,0.009327,0.636689,2.546757,7.003581,0.636689,0.000000,-1.910068,-5.093514,0.000000,12.255763,0.512000,12.247866,-9.9e+37,-9.9e+37,-9.9e+37,-9.9e+37,-9.9e+37,-9.9e+37,-9.9e+37,-9.9e+37,-9.9e+37,-9.9e+37,-9.9e+37,7055,-9.9e+37,-9.9e+37,"Unclassified targets",-9.9e+37,-9.9e+37,-9.9e+37,-9.9e+37
5,"Region 5","070kHz_FishTracks",342,20220728, 22:53:47.2640,12.255763,-48.363610,-50.127347,1.3156,-1.3966,0.281309,-0.298624,6.000000,2,0.000732,0.032709,0.636689,1.910068,6.366892,0.636689,-0.636689,-0.636689,-5.093514,-0.636689,12.255763,0.512000,12.248895,-9.9e+37,-9.9e+37,-9.9e+37,-9.9e+37,-9.9e+37,-9.9e+37,-9.9e+37,-9.9e+37,-9.9e+37,-9.9e+37,-9.9e+37,7056,-9.9e+37,-9.9e+37,"Unclassified targets",-9.9e+37,-9.9e+37,-9.9e+37,-9.9e+37
5,"Region 5","070kHz_FishTracks",342,20220728, 22:53:47.4640,12.185530,-48.115686,-49.648191,0.61979,-1.6828,0.131755,-0.357820,6.000000,2,0.088620,0.091389,0.636689,3.183446,5.730203,0.636689,0.000000,-1.910068,-2.546757,0.000000,12.185530,0.512000,12.179562,-9.9e+37,-9.9e+37,-9.9e+37,-9.9e+37,-9.9e+37,-9.9e+37,-9.9e+37,-9.9e+37,-9.9e+37,-9.9e+37,-9.9e+37,7057,-9.9e+37,-9.9e+37,"Unclassified targets",-9.9e+37,-9.9e+37,-9.9e+37,-9.9e+37
5,"Region 5","070kHz_FishTracks",342,20220728, 22:53:47.6640,12.197235,-50.921445,-53.632970,-0.2728,-2.3701,-0.058023,-0.504405,6.000000,2,0.058191,0.000207,0.636689,5.093514,7.003581,0.636689,0.000000,-4.456825,-5.730203,0.000000,12.197235,0.512000,12.186663,-9.9e+37,-9.9e+37,-9.9e+37,-9.9e+37,-9.9e+37,-9.9e+37,-9.9e+37,-9.9e+37,-9.9e+37,-9.9e+37,-9.9e+37,7058,-9.9e+37,-9.9e+37,"Unclassified targets",-9.9e+37,-9.9e+37,-9.9e+37,-9.9e+37
5,"Region 5","070kHz_FishTracks",342,20220728, 22:53:48.4640,12.279174,-48.558489,-51.806773,0.60639,-2.5432,0.129826,-0.544819,6.000000,2,0.025927,0.105586,0.636689,1.910068,7.640271,0.636689,-0.636689,-0.636689,-5.093514,-0.636689,12.279174,0.512000,12.266395,-9.9e+37,-9.9e+37,-9.9e+37,-9.9e+37,-9.9e+37,-9.9e+37,-9.9e+37,-9.9e+37,-9.9e+37,-9.9e+37,-9.9e+37,7062,-9.9e+37,-9.9e+37,"Unclassified targets",-9.9e+37,-9.9e+37,-9.9e+37,-9.9e+37
5,"Region 5","070kHz_FishTracks",342,20220728, 22:53:48.6630,12.314291,-49.032642,-51.463284,1.2807,-1.865,0.275086,-0.400672,6.000000,2,0.000146,0.018693,0.636689,2.546757,7.640271,0.636689,-0.636689,-0.636689,-5.093514,-0.636689,12.314291,0.512000,12.304697,-9.9e+37,-9.9e+37,-9.9e+37,-9.9e+37,-9.9e+37,-9.9e+37,-9.9e+37,-9.9e+37,-9.9e+37,-9.9e+37,-9.9e+37,7063,-9.9e+37,-9.9e+37,"Unclassified targets",-9.9e+37,-9.9e+37,-9.9e+37,-9.9e+37
5,"Region 5","070kHz_FishTracks",342,20220728, 22:53:48.8650,12.314291,-53.064967,-54.121366,0.84831,-1.2181,0.182275,-0.261754,6.000000,2,0.053924,0.019459,0.636689,3.183446,8.276960,0.636689,0.000000,-1.273378,-5.730203,0.000000,12.314291,0.512000,12.310160,-9.9e+37,-9.9e+37,-9.9e+37,-9.9e+37,-9.9e+37,-9.9e+37,-9.9e+37,-9.9e+37,-9.9e+37,-9.9e+37,-9.9e+37,7064,-9.9e+37,-9.9e+37,"Unclassified targets",-9.9e+37,-9.9e+37,-9.9e+37,-9.9e+37
5,"Region 5","070kHz_FishTracks",342,20220728, 22:53:49.2640,12.290880,-49.885526,-51.593504,-0.2101,-1.8814,-0.045046,-0.403516,6.000000,2,0.028224,0.076350,0.636689,2.546757,4.456825,0.636689,-0.636689,-1.910068,-3.183446,-0.636689,12.290880,0.512000,12.284172,-9.9e+37,-9.9e+37,-9.9e+37,-9.9e+37,-9.9e+37,-9.9e+37,-9.9e+37,-9.9e+37,-9.9e+37,-9.9e+37,-9.9e+37,7066,-9.9e+37,-9.9e+37,"Unclassified targets",-9.9e+37,-9.9e+37,-9.9e+37,-9.9e+37
5,"Region 5","070kHz_FishTracks",342,20220728, 22:53:49.4630,12.290880,-48.814087,-52.752757,0.11673,-2.8724,0.025009,-0.615915,6.000000,2,0.050057,0.110591,0.636689,1.273378,7.640271,0.636689,-0.636689,-0.636689,-5.093514,-0.636689,12.290880,0.512000,12.275413,-9.9e+37,-9.9e+37,-9.9e+37,-9.9e+37,-9.9e+37,-9.9e+37,-9.9e+37,-9.9e+37,-9.9e+37,-9.9e+37,-9.9e+37,7067,-9.9e+37,-9.9e+37,"Unclassified targets",-9.9e+37,-9.9e+37,-9.9e+37,-9.9e+37
5,"Region 5","070kHz_FishTracks",342,20220728, 22:53:50.0640,12.325997,-48.549854,-51.460323,-0.25045,-2.4589,-0.053829,-0.528824,6.000000,3,0.045321,0.099005,1.273378,1.273378,5.730203,1.273378,-0.636689,-0.636689,-5.093514,-0.636689,12.325997,0.512000,12.314530,-9.9e+37,-9.9e+37,-9.9e+37,-9.9e+37,-9.9e+37,-9.9e+37,-9.9e+37,-9.9e+37,-9.9e+37,-9.9e+37,-9.9e+37,7070,-9.9e+37,-9.9e+37,"Unclassified targets",-9.9e+37,-9.9e+37,-9.9e+37,-9.9e+37
5,"Region 5","070kHz_FishTracks",342,20220728, 22:53:50.2630,12.337702,-50.404543,-52.514953,0.06046,-2.1033,0.013010,-0.452814,6.000000,2,0.025204,0.012182,0.636689,3.183446,3.820135,0.636689,-0.636689,-2.546757,-2.546757,-0.636689,12.337702,0.512000,12.329383,-9.9e+37,-9.9e+37,-9.9e+37,-9.9e+37,-9.9e+37,-9.9e+37,-9.9e+37,-9.9e+37,-9.9e+37,-9.9e+37,-9.9e+37,7071,-9.9e+37,-9.9e+37,"Unclassified targets",-9.9e+37,-9.9e+37,-9.9e+37,-9.9e+37
5,"Region 5","070kHz_FishTracks",342,20220728, 22:53:50.4650,12.337702,-48.312539,-50.173735,0.023034,-1.9759,0.004957,-0.425393,6.000000,2,0.072854,0.009836,0.636689,3.820135,5.730203,0.636689,0.000000,-3.183446,-5.093514,0.000000,12.337702,0.512000,12.330366,-9.9e+37,-9.9e+37,-9.9e+37,-9.9e+37,-9.9e+37,-9.9e+37,-9.9e+37,-9.9e+37,-9.9e+37,-9.9e+37,-9.9e+37,7072,-9.9e+37,-9.9e+37,"Unclassified targets",-9.9e+37,-9.9e+37,-9.9e+37,-9.9e+37
5,"Region 5","070kHz_FishTracks",342,20220728, 22:53:50.6640,12.279174,-56.139476,-58.385266,-0.53853,-2.1045,-0.115335,-0.450903,6.000000,3,0.244008,0.061581,1.273378,4.456825,10.823717,1.273378,-0.636689,-1.273378,-1.910068,-0.636689,12.279174,0.512000,12.270351,-9.9e+37,-9.9e+37,-9.9e+37,-9.9e+37,-9.9e+37,-9.9e+37,-9.9e+37,-9.9e+37,-9.9e+37,-9.9e+37,-9.9e+37,7073,-9.9e+37,-9.9e+37,"Unclassified targets",-9.9e+37,-9.9e+37,-9.9e+37,-9.9e+37
5,"Region 5","070kHz_FishTracks",342,20220728, 22:53:50.8640,12.337702,-49.486549,-53.347838,-0.56086,-2.7947,-0.120626,-0.601516,6.000000,2,0.042459,0.051270,0.636689,1.273378,1.910068,0.636689,0.000000,-0.636689,-0.636689,0.000000,12.337702,0.512000,12.322440,-9.9e+37,-9.9e+37,-9.9e+37,-9.9e+37,-9.9e+37,-9.9e+37,-9.9e+37,-9.9e+37,-9.9e+37,-9.9e+37,-9.9e+37,7074,-9.9e+37,-9.9e+37,"Unclassified targets",-9.9e+37,-9.9e+37,-9.9e+37,-9.9e+37
5,"Region 5","070kHz_FishTracks",342,20220728, 22:53:51.4640,12.302586,-52.939468,-55.650850,-0.3326,-2.3627,-0.071355,-0.507173,6.000000,3,0.091001,0.182291,1.273378,1.910068,3.183446,1.273378,-0.636689,-0.636689,-1.910068,-0.636689,12.302586,0.512000,12.291920,-9.9e+37,-9.9e+37,-9.9e+37,-9.9e+37,-9.9e+37,-9.9e+37,-9.9e+37,-9.9e+37,-9.9e+37,-9.9e+37,-9.9e+37,7077,-9.9e+37,-9.9e+37,"Unclassified targets",-9.9e+37,-9.9e+37,-9.9e+37,-9.9e+37
5,"Region 5","070kHz_FishTracks",342,20220728, 22:53:51.8640,12.349408,-48.566887,-50.454563,-0.30754,-1.9666,-0.066246,-0.423777,6.000000,2,0.039698,0.029465,0.636689,4.456825,5.730203,0.636689,0.000000,-3.820135,-5.093514,0.000000,12.349408,0.512000,12.341957,-9.9e+37,-9.9e+37,-9.9e+37,-9.9e+37,-9.9e+37,-9.9e+37,-9.9e+37,-9.9e+37,-9.9e+37,-9.9e+37,-9.9e+37,7079,-9.9e+37,-9.9e+37,"Unclassified targets",-9.9e+37,-9.9e+37,-9.9e+37,-9.9e+37
5,"Region 5","070kHz_FishTracks",342,20220728, 22:53:52.0650,12.349408,-48.503445,-51.014228,-0.55231,-2.23,-0.118952,-0.480500,6.000000,2,0.065334,0.040070,0.636689,3.820135,5.093514,0.636689,-0.636689,-1.910068,-1.910068,-0.636689,12.349408,0.512000,12.339483,-9.9e+37,-9.9e+37,-9.9e+37,-9.9e+37,-9.9e+37,-9.9e+37,-9.9e+37,-9.9e+37,-9.9e+37,-9.9e+37,-9.9e+37,7080,-9.9e+37,-9.9e+37,"Unclassified targets",-9.9e+37,-9.9e+37,-9.9e+37,-9.9e+37
5,"Region 5","070kHz_FishTracks",342,20220728, 22:53:52.2620,12.361114,-49.013874,-52.898696,-0.91739,-2.7142,-0.197688,-0.585275,6.000000,2,0.010616,0.059446,0.636689,2.546757,7.003581,0.636689,-0.636689,-1.273378,-4.456825,-0.636689,12.361114,0.512000,12.345667,-9.9e+37,-9.9e+37,-9.9e+37,-9.9e+37,-9.9e+37,-9.9e+37,-9.9e+37,-9.9e+37,-9.9e+37,-9.9e+37,-9.9e+37,7081,-9.9e+37,-9.9e+37,"Unclassified targets",-9.9e+37,-9.9e+37,-9.9e+37,-9.9e+37
5,"Region 5","070kHz_FishTracks",342,20220728, 22:53:53.0640,12.372819,-52.521800,-56.103213,-0.86768,-2.609,-0.187172,-0.563137,6.000000,3,0.045876,0.089994,1.273378,5.093514,7.003581,1.273378,-0.636689,-4.456825,-5.093514,-0.636689,12.372819,0.512000,12.358580,-9.9e+37,-9.9e+37,-9.9e+37,-9.9e+37,-9.9e+37,-9.9e+37,-9.9e+37,-9.9e+37,-9.9e+37,-9.9e+37,-9.9e+37,7085,-9.9e+37,-9.9e+37,"Unclassified targets",-9.9e+37,-9.9e+37,-9.9e+37,-9.9e+37
5,"Region 5","070kHz_FishTracks",342,20220728, 22:53:53.2640,12.349408,-46.923758,-49.937336,-0.85051,-2.3729,-0.183152,-0.511241,6.000000,3,0.066684,0.091997,1.273378,3.820135,7.640271,1.273378,-0.636689,-3.183446,-5.093514,-0.636689,12.349408,0.512000,12.337462,-9.9e+37,-9.9e+37,-9.9e+37,-9.9e+37,-9.9e+37,-9.9e+37,-9.9e+37,-9.9e+37,-9.9e+37,-9.9e+37,-9.9e+37,7086,-9.9e+37,-9.9e+37,"Unclassified targets",-9.9e+37,-9.9e+37,-9.9e+37,-9.9e+37
6,"Region 6","070kHz_FishTracks",342,20220728, 22:55:14.6640,12.396230,-50.153672,-54.126153,-1.575,2.4442,-0.340416,0.528454,6.000000,3,0.149419,0.277617,1.273378,5.730203,6.366892,1.273378,-0.636689,-1.273378,-1.273378,-0.636689,12.396230,0.512000,12.380282,-9.9e+37,-9.9e+37,-9.9e+37,-9.9e+37,-9.9e+37,-9.9e+37,-9.9e+37,-9.9e+37,-9.9e+37,-9.9e+37,-9.9e+37,7493,-9.9e+37,-9.9e+37,"Unclassified targets",-9.9e+37,-9.9e+37,-9.9e+37,-9.9e+37
6,"Region 6","070kHz_FishTracks",342,20220728, 22:55:14.8650,12.431347,-48.876947,-51.500781,-1.2168,2.0135,-0.263825,0.436667,6.000000,2,0.016593,0.070828,0.636689,1.910068,2.546757,0.636689,-0.636689,-1.273378,-1.910068,-0.636689,12.431347,0.512000,12.420874,-9.9e+37,-9.9e+37,-9.9e+37,-9.9e+37,-9.9e+37,-9.9e+37,-9.9e+37,-9.9e+37,-9.9e+37,-9.9e+37,-9.9e+37,7494,-9.9e+37,-9.9e+37,"Unclassified targets",-9.9e+37,-9.9e+37,-9.9e+37,-9.9e+37
6,"Region 6","070kHz_FishTracks",342,20220728, 22:55:15.0650,12.443053,-51.256194,-52.468227,-1.0508,1.1907,-0.228140,0.258532,6.000000,3,0.086872,0.083353,1.273378,4.456825,6.366892,1.273378,-1.273378,-1.273378,-1.910068,-1.273378,12.443053,0.512000,12.438275,-9.9e+37,-9.9e+37,-9.9e+37,-9.9e+37,-9.9e+37,-9.9e+37,-9.9e+37,-9.9e+37,-9.9e+37,-9.9e+37,-9.9e+37,7495,-9.9e+37,-9.9e+37,"Unclassified targets",-9.9e+37,-9.9e+37,-9.9e+37,-9.9e+37
6,"Region 6","070kHz_FishTracks",342,20220728, 22:55:15.2640,12.431347,-53.883563,-54.666308,-1.1816,0.44101,-0.256334,0.095663,6.000000,3,0.119066,0.063457,1.273378,1.910068,5.093514,1.273378,-0.636689,-0.636689,-1.910068,-0.636689,12.431347,0.512000,12.428336,-9.9e+37,-9.9e+37,-9.9e+37,-9.9e+37,-9.9e+37,-9.9e+37,-9.9e+37,-9.9e+37,-9.9e+37,-9.9e+37,-9.9e+37,7496,-9.9e+37,-9.9e+37,"Unclassified targets",-9.9e+37,-9.9e+37,-9.9e+37,-9.9e+37
6,"Region 6","070kHz_FishTracks",342,20220728, 22:55:15.4620,12.454758,-50.953479,-52.665980,-1.842,0.26078,-0.400335,0.056657,6.000000,2,0.139967,0.060366,0.636689,1.910068,5.093514,0.636689,-0.636689,-1.273378,-1.910068,-0.636689,12.454758,0.512000,12.448194,-9.9e+37,-9.9e+37,-9.9e+37,-9.9e+37,-9.9e+37,-9.9e+37,-9.9e+37,-9.9e+37,-9.9e+37,-9.9e+37,-9.9e+37,7497,-9.9e+37,-9.9e+37,"Unclassified targets",-9.9e+37,-9.9e+37,-9.9e+37,-9.9e+37
6,"Region 6","070kHz_FishTracks",342,20220728, 22:55:15.6640,12.466464,-50.360753,-53.593919,-2.4636,0.72025,-0.535816,0.156563,6.000000,2,0.066224,0.042051,0.636689,1.910068,2.546757,0.636689,0.000000,-1.273378,-1.273378,0.000000,12.466464,0.512000,12.453960,-9.9e+37,-9.9e+37,-9.9e+37,-9.9e+37,-9.9e+37,-9.9e+37,-9.9e+37,-9.9e+37,-9.9e+37,-9.9e+37,-9.9e+37,7498,-9.9e+37,-9.9e+37,"Unclassified targets",-9.9e+37,-9.9e+37,-9.9e+37,-9.9e+37
6,"Region 6","070kHz_FishTracks",342,20220728, 22:55:16.6650,12.513286,-56.564565,-59.185435,-0.55139,2.2816,-0.120326,0.498145,6.000000,3,0.090303,0.191406,1.273378,3.183446,3.820135,1.273378,-0.636689,-1.273378,-1.910068,-0.636689,12.513286,0.512000,12.502788,-9.9e+37,-9.9e+37,-9.9e+37,-9.9e+37,-9.9e+37,-9.9e+37,-9.9e+37,-9.9e+37,-9.9e+37,-9.9e+37,-9.9e+37,7503,-9.9e+37,-9.9e+37,"Unclassified targets",-9.9e+37,-9.9e+37,-9.9e+37,-9.9e+37
6,"Region 6","070kHz_FishTracks",342,20220728, 22:55:16.8640,12.501581,-54.943739,-56.687718,-0.93769,1.6675,-0.204503,0.363749,6.000000,3,0.076739,0.095396,1.273378,4.456825,4.456825,1.273378,-0.636689,-1.910068,-1.910068,-0.636689,12.501581,0.512000,12.494614,-9.9e+37,-9.9e+37,-9.9e+37,-9.9e+37,-9.9e+37,-9.9e+37,-9.9e+37,-9.9e+37,-9.9e+37,-9.9e+37,-9.9e+37,7504,-9.9e+37,-9.9e+37,"Unclassified targets",-9.9e+37,-9.9e+37,-9.9e+37,-9.9e+37
6,"Region 6","070kHz_FishTracks",342,20220728, 22:55:17.4640,12.314291,-55.687554,-58.610595,-1.5924,1.9058,-0.342003,0.409381,6.000000,2,0.079998,0.096402,0.636689,7.003581,7.003581,0.636689,0.000000,-0.636689,-0.636689,0.000000,12.314291,0.512000,12.302732,-9.9e+37,-9.9e+37,-9.9e+37,-9.9e+37,-9.9e+37,-9.9e+37,-9.9e+37,-9.9e+37,-9.9e+37,-9.9e+37,-9.9e+37,7507,-9.9e+37,-9.9e+37,"Unclassified targets",-9.9e+37,-9.9e+37,-9.9e+37,-9.9e+37
6,"Region 6","070kHz_FishTracks",342,20220728, 22:55:18.6650,12.478170,-54.238306,-57.230073,0.13866,2.5017,0.030170,0.544652,6.000000,2,0.012437,0.098003,0.636689,7.003581,8.276960,0.636689,0.000000,-3.183446,-4.456825,0.000000,12.478170,0.512000,12.466241,-9.9e+37,-9.9e+37,-9.9e+37,-9.9e+37,-9.9e+37,-9.9e+37,-9.9e+37,-9.9e+37,-9.9e+37,-9.9e+37,-9.9e+37,7513,-9.9e+37,-9.9e+37,"Unclassified targets",-9.9e+37,-9.9e+37,-9.9e+37,-9.9e+37
6,"Region 6","070kHz_FishTracks",342,20220728, 22:55:18.8640,12.454758,-54.821959,-57.246006,-0.36444,2.2265,-0.079161,0.483851,6.000000,2,0.007557,0.093296,0.636689,5.730203,8.913649,0.636689,-0.636689,-3.183446,-4.456825,-0.636689,12.454758,0.512000,12.445105,-9.9e+37,-9.9e+37,-9.9e+37,-9.9e+37,-9.9e+37,-9.9e+37,-9.9e+37,-9.9e+37,-9.9e+37,-9.9e+37,-9.9e+37,7514,-9.9e+37,-9.9e+37,"Unclassified targets",-9.9e+37,-9.9e+37,-9.9e+37,-9.9e+37
6,"Region 6","070kHz_FishTracks",342,20220728, 22:55:19.0640,12.454758,-52.319243,-54.187329,-0.48818,1.9195,-0.106057,0.417154,6.000000,2,0.017965,0.032076,0.636689,5.730203,6.366892,0.636689,0.000000,-4.456825,-5.093514,0.000000,12.454758,0.512000,12.447319,-9.9e+37,-9.9e+37,-9.9e+37,-9.9e+37,-9.9e+37,-9.9e+37,-9.9e+37,-9.9e+37,-9.9e+37,-9.9e+37,-9.9e+37,7515,-9.9e+37,-9.9e+37,"Unclassified targets",-9.9e+37,-9.9e+37,-9.9e+37,-9.9e+37
6,"Region 6","070kHz_FishTracks",342,20220728, 22:55:19.2630,12.443053,-47.261822,-49.733072,-0.41654,2.2399,-0.090390,0.486302,6.000000,2,0.003001,0.029899,0.636689,2.546757,3.183446,0.636689,-0.636689,-1.910068,-1.910068,-0.636689,12.443053,0.512000,12.433218,-9.9e+37,-9.9e+37,-9.9e+37,-9.9e+37,-9.9e+37,-9.9e+37,-9.9e+37,-9.9e+37,-9.9e+37,-9.9e+37,-9.9e+37,7516,-9.9e+37,-9.9e+37,"Unclassified targets",-9.9e+37,-9.9e+37,-9.9e+37,-9.9e+37
6,"Region 6","070kHz_FishTracks",342,20220728, 22:55:19.4650,12.454758,-48.032905,-51.738245,-0.50132,2.746,-0.108848,0.596659,6.000000,2,0.020558,0.019021,0.636689,2.546757,6.366892,0.636689,-0.636689,-1.273378,-5.093514,-0.636689,12.454758,0.512000,12.439982,-9.9e+37,-9.9e+37,-9.9e+37,-9.9e+37,-9.9e+37,-9.9e+37,-9.9e+37,-9.9e+37,-9.9e+37,-9.9e+37,-9.9e+37,7517,-9.9e+37,-9.9e+37,"Unclassified targets",-9.9e+37,-9.9e+37,-9.9e+37,-9.9e+37
7,"Region 7","070kHz_FishTracks",342,20220728, 22:57:12.1750,12.009946,-42.153125,-45.278764,1.942,-1.6709,0.406816,-0.349990,6.000000,2,0.074587,0.102596,0.636689,1.273378,1.910068,0.636689,0.000000,-0.636689,-0.636689,0.000000,12.009946,0.512000,11.997950,-9.9e+37,-9.9e+37,-9.9e+37,-9.9e+37,-9.9e+37,-9.9e+37,-9.9e+37,-9.9e+37,-9.9e+37,-9.9e+37,-9.9e+37,8080,-9.9e+37,-9.9e+37,"Unclassified targets",-9.9e+37,-9.9e+37,-9.9e+37,-9.9e+37
7,"Region 7","070kHz_FishTracks",342,20220728, 22:57:12.3650,11.998240,-42.172150,-45.577917,1.7865,-2.0041,0.373824,-0.419379,6.000000,3,0.086849,0.151322,1.273378,1.273378,3.183446,1.273378,-0.636689,-0.636689,-1.273378,-0.636689,11.998240,0.512000,11.985080,-9.9e+37,-9.9e+37,-9.9e+37,-9.9e+37,-9.9e+37,-9.9e+37,-9.9e+37,-9.9e+37,-9.9e+37,-9.9e+37,-9.9e+37,8081,-9.9e+37,-9.9e+37,"Unclassified targets",-9.9e+37,-9.9e+37,-9.9e+37,-9.9e+37
7,"Region 7","070kHz_FishTracks",342,20220728, 22:57:12.9640,11.986534,-50.441488,-54.266835,0.7749,-2.7327,0.161924,-0.571416,6.000000,2,0.023472,0.027170,0.636689,1.273378,1.273378,0.636689,-0.636689,-0.636689,-0.636689,-0.636689,11.986534,0.512000,11.971812,-9.9e+37,-9.9e+37,-9.9e+37,-9.9e+37,-9.9e+37,-9.9e+37,-9.9e+37,-9.9e+37,-9.9e+37,-9.9e+37,-9.9e+37,8084,-9.9e+37,-9.9e+37,"Unclassified targets",-9.9e+37,-9.9e+37,-9.9e+37,-9.9e+37
7,"Region 7","070kHz_FishTracks",342,20220728, 22:57:13.9650,12.080179,-47.528805,-51.239842,1.5372,-2.3499,0.323789,-0.495124,6.000000,2,0.036625,0.099606,0.636689,1.273378,6.366892,0.636689,0.000000,-0.636689,-3.820135,0.000000,12.080179,0.512000,12.065684,-9.9e+37,-9.9e+37,-9.9e+37,-9.9e+37,-9.9e+37,-9.9e+37,-9.9e+37,-9.9e+37,-9.9e+37,-9.9e+37,-9.9e+37,8089,-9.9e+37,-9.9e+37,"Unclassified targets",-9.9e+37,-9.9e+37,-9.9e+37,-9.9e+37
7,"Region 7","070kHz_FishTracks",342,20220728, 22:57:14.1640,12.080179,-48.125904,-51.098106,1.4683,-2.0312,0.309343,-0.428016,6.000000,2,0.032916,0.003952,0.636689,3.820135,5.730203,0.636689,0.000000,-3.183446,-3.820135,0.000000,12.080179,0.512000,12.068630,-9.9e+37,-9.9e+37,-9.9e+37,-9.9e+37,-9.9e+37,-9.9e+37,-9.9e+37,-9.9e+37,-9.9e+37,-9.9e+37,-9.9e+37,8090,-9.9e+37,-9.9e+37,"Unclassified targets",-9.9e+37,-9.9e+37,-9.9e+37,-9.9e+37
7,"Region 7","070kHz_FishTracks",342,20220728, 22:57:14.3640,12.068474,-48.073305,-50.070954,1.1004,-1.7279,0.231656,-0.363824,6.000000,2,0.043502,0.017888,0.636689,3.183446,3.820135,0.636689,-0.636689,-3.183446,-3.820135,-0.636689,12.068474,0.512000,12.060764,-9.9e+37,-9.9e+37,-9.9e+37,-9.9e+37,-9.9e+37,-9.9e+37,-9.9e+37,-9.9e+37,-9.9e+37,-9.9e+37,-9.9e+37,8091,-9.9e+37,-9.9e+37,"Unclassified targets",-9.9e+37,-9.9e+37,-9.9e+37,-9.9e+37
7,"Region 7","070kHz_FishTracks",342,20220728, 22:57:14.5640,12.033357,-51.290027,-52.932742,0.46599,-1.7975,0.097819,-0.377435,6.000000,2,0.046518,0.089978,0.636689,2.546757,4.456825,0.636689,0.000000,-1.910068,-3.820135,0.000000,12.033357,0.512000,12.027038,-9.9e+37,-9.9e+37,-9.9e+37,-9.9e+37,-9.9e+37,-9.9e+37,-9.9e+37,-9.9e+37,-9.9e+37,-9.9e+37,-9.9e+37,8092,-9.9e+37,-9.9e+37,"Unclassified targets",-9.9e+37,-9.9e+37,-9.9e+37,-9.9e+37
7,"Region 7","070kHz_FishTracks",342,20220728, 22:57:14.7640,12.021651,-52.435072,-55.257645,-0.2461,-2.4215,-0.051589,-0.507927,6.000000,3,0.077889,0.253266,1.273378,5.730203,5.730203,1.273378,-0.636689,-4.456825,-4.456825,-0.636689,12.021651,0.512000,12.010805,-9.9e+37,-9.9e+37,-9.9e+37,-9.9e+37,-9.9e+37,-9.9e+37,-9.9e+37,-9.9e+37,-9.9e+37,-9.9e+37,-9.9e+37,8093,-9.9e+37,-9.9e+37,"Unclassified targets",-9.9e+37,-9.9e+37,-9.9e+37,-9.9e+37
7,"Region 7","070kHz_FishTracks",342,20220728, 22:57:14.9750,12.021651,-54.142572,-57.874781,-1.0318,-2.6136,-0.216255,-0.548092,6.000000,3,0.055415,0.060307,1.273378,5.093514,7.640271,1.273378,-0.636689,-4.456825,-5.093514,-0.636689,12.021651,0.512000,12.007203,-9.9e+37,-9.9e+37,-9.9e+37,-9.9e+37,-9.9e+37,-9.9e+37,-9.9e+37,-9.9e+37,-9.9e+37,-9.9e+37,-9.9e+37,8094,-9.9e+37,-9.9e+37,"Unclassified targets",-9.9e+37,-9.9e+37,-9.9e+37,-9.9e+37
7,"Region 7","070kHz_FishTracks",342,20220728, 22:57:15.5640,12.091885,-49.141018,-53.079012,-1.0733,-2.6808,-0.226248,-0.565454,6.000000,2,0.014994,0.036183,0.636689,5.093514,6.366892,0.636689,-0.636689,-3.820135,-5.093514,-0.636689,12.091885,0.512000,12.076537,-9.9e+37,-9.9e+37,-9.9e+37,-9.9e+37,-9.9e+37,-9.9e+37,-9.9e+37,-9.9e+37,-9.9e+37,-9.9e+37,-9.9e+37,8097,-9.9e+37,-9.9e+37,"Unclassified targets",-9.9e+37,-9.9e+37,-9.9e+37,-9.9e+37
7,"Region 7","070kHz_FishTracks",342,20220728, 22:57:15.9740,12.162118,-50.787869,-52.981843,-0.25411,-2.1307,-0.053903,-0.452181,6.000000,2,0.088521,0.009552,0.636689,0.636689,3.183446,0.636689,0.000000,0.000000,0.000000,0.000000,12.162118,0.512000,12.153590,-9.9e+37,-9.9e+37,-9.9e+37,-9.9e+37,-9.9e+37,-9.9e+37,-9.9e+37,-9.9e+37,-9.9e+37,-9.9e+37,-9.9e+37,8099,-9.9e+37,-9.9e+37,"Unclassified targets",-9.9e+37,-9.9e+37,-9.9e+37,-9.9e+37
7,"Region 7","070kHz_FishTracks",342,20220728, 22:57:16.1640,12.197235,-47.532965,-49.133084,-0.19219,-1.8222,-0.040894,-0.387844,6.000000,3,0.019600,0.084137,1.273378,1.273378,6.366892,1.273378,-0.636689,-0.636689,-3.820135,-0.636689,12.197235,0.512000,12.190999,-9.9e+37,-9.9e+37,-9.9e+37,-9.9e+37,-9.9e+37,-9.9e+37,-9.9e+37,-9.9e+37,-9.9e+37,-9.9e+37,-9.9e+37,8100,-9.9e+37,-9.9e+37,"Unclassified targets",-9.9e+37,-9.9e+37,-9.9e+37,-9.9e+37
7,"Region 7","070kHz_FishTracks",342,20220728, 22:57:16.7640,12.361114,-45.100299,-47.577377,-1.0861,-2.0102,-0.234166,-0.433509,6.000000,2,0.103846,0.075160,0.636689,1.910068,2.546757,0.636689,0.000000,-0.636689,-0.636689,0.000000,12.361114,0.512000,12.351290,-9.9e+37,-9.9e+37,-9.9e+37,-9.9e+37,-9.9e+37,-9.9e+37,-9.9e+37,-9.9e+37,-9.9e+37,-9.9e+37,-9.9e+37,8103,-9.9e+37,-9.9e+37,"Unclassified targets",-9.9e+37,-9.9e+37,-9.9e+37,-9.9e+37
7,"Region 7","070kHz_FishTracks",342,20220728, 22:57:17.7640,12.431347,-51.119554,-53.912989,-1.1851,-2.1198,-0.256944,-0.459722,6.000000,3,0.137349,0.077252,1.273378,5.093514,9.550338,1.273378,-0.636689,-1.910068,-5.730203,-0.636689,12.431347,0.512000,12.420186,-9.9e+37,-9.9e+37,-9.9e+37,-9.9e+37,-9.9e+37,-9.9e+37,-9.9e+37,-9.9e+37,-9.9e+37,-9.9e+37,-9.9e+37,8108,-9.9e+37,-9.9e+37,"Unclassified targets",-9.9e+37,-9.9e+37,-9.9e+37,-9.9e+37
7,"Region 7","070kHz_FishTracks",342,20220728, 22:57:17.9640,12.372819,-50.887567,-52.254752,-1.2917,-1.078,-0.278856,-0.232725,6.000000,2,0.136887,0.024967,0.636689,1.910068,10.187027,0.636689,-0.636689,-1.910068,-4.456825,-0.636689,12.372819,0.512000,12.367487,-9.9e+37,-9.9e+37,-9.9e+37,-9.9e+37,-9.9e+37,-9.9e+37,-9.9e+37,-9.9e+37,-9.9e+37,-9.9e+37,-9.9e+37,8109,-9.9e+37,-9.9e+37,"Unclassified targets",-9.9e+37,-9.9e+37,-9.9e+37,-9.9e+37
7,"Region 7","070kHz_FishTracks",342,20220728, 22:57:18.1640,12.372819,-50.681658,-51.955696,-1.4818,-0.63464,-0.319934,-0.137000,6.000000,2,0.085961,0.012234,0.636689,3.820135,10.187027,0.636689,0.000000,-3.183446,-4.456825,0.000000,12.372819,0.512000,12.367923,-9.9e+37,-9.9e+37,-9.9e+37,-9.9e+37,-9.9e+37,-9.9e+37,-9.9e+37,-9.9e+37,-9.9e+37,-9.9e+37,-9.9e+37,8110,-9.9e+37,-9.9e+37,"Unclassified targets",-9.9e+37,-9.9e+37,-9.9e+37,-9.9e+37
7,"Region 7","070kHz_FishTracks",342,20220728, 22:57:18.3640,12.384525,-55.039274,-56.701696,-1.6384,-0.85155,-0.354059,-0.183982,6.000000,2,0.284018,0.082644,0.636689,10.187027,14.643852,0.636689,-0.636689,-4.456825,-5.730203,-0.636689,12.384525,0.512000,12.378095,-9.9e+37,-9.9e+37,-9.9e+37,-9.9e+37,-9.9e+37,-9.9e+37,-9.9e+37,-9.9e+37,-9.9e+37,-9.9e+37,-9.9e+37,8111,-9.9e+37,-9.9e+37,"Unclassified targets",-9.9e+37,-9.9e+37,-9.9e+37,-9.9e+37
